K,80.2,2.13,0.69,255,255,255|I,80.1,2.13,0.69,255,255,255|N,78.8,2.11,0.68,255,255,255|E,80.8,2.14,0.69,255,255,255|T,81.5,2.14,0.69,255,255,255|I,81.7,2.15,0.69,255,255,255|C,80.7,2.13,0.69,255,255,255|K,81.1,2.14,0.69,255,255,255|I,82.1,2.15,0.69,255,255,255|N,81.8,2.15,0.69,255,255,255|E,82.9,2.16,0.70,255,255,255|T,83.1,2.16,0.70,255,255,255|I,84.8,2.18,0.71,255,255,255|C,84.9,2.19,0.71,255,255,255|K,86.1,2.20,0.71,255,255,255|I,88.7,2.23,0.72,255,255,255|N,93.5,2.29,0.75,255,255,255|E,97.3,2.34,0.76,255,255,255|T,97.5,2.34,0.76,255,255,255|I,95.4,2.32,0.75,255,255,255|C,95.4,2.32,0.75,255,255,255|K,94.3,2.30,0.75,255,255,255|I,92.3,2.28,0.74,255,255,255|N,94.4,2.30,0.75,255,255,255|E,98.8,2.36,0.77,255,255,255|T,109.8,2.50,0.82,255,255,255|I,105.0,2.44,0.80,255,255,255|C,88.0,2.23,0.72,255,255,255|K,32.5,1.53,0.47,255,255,255|I,-16.7,0.92,0.25,255,255,255|N,0,1,0,0,0,0|E,0,1,0,0,0,0|T,0,1,0,0,0,0|I,0,1,0,0,0,0|C,0,1,0,0,0,0|K,0,1,0,0,0,0|I,0,1,0,0,0,0|N,0,1,0,0,0,0|E,0,1,0,0,0,0|T,0,1,0,0,0,0|I,0,1,0,0,0,0|C,0,1,0,0,0,0|K,0,1,0,0,0,0|I,0,1,0,0,0,0|N,0,1,0,0,0,0|E,-33.4,0.71,0.17,255,255,255|T,-23.6,0.83,0.22,255,255,255|I,-26.8,0.79,0.20,255,255,255|C,-30.6,0.74,0.19,255,255,255|K,-30.4,0.75,0.19,255,255,255|I,-28.9,0.76,0.20,255,255,255|N,-35.1,0.69,0.17,255,255,255|E,0,1,0,0,0,0|T,0,1,0,0,0,0|I,-38.1,0.65,0.15,255,255,255|C,0,1,0,0,0,0|K,0,1,0,0,0,0|I,-36.9,0.66,0.16,255,255,255|N,-30.2,0.75,0.19,255,255,255|E,-25.5,0.81,0.21,255,255,255|T,-35.2,0.69,0.17,255,255,255|I,-34.2,0.70,0.17,255,255,255|C,-34.7,0.69,0.17,255,255,255|K,-33.9,0.70,0.17,255,255,255|I,0,1,0,0,0,0|N,0,1,0,0,0,0|E,-30.8,0.74,0.19,255,255,255|T,0,1,0,0,0,0|I,0,1,0,0,0,0|C,0,1,0,0,0,0|K,-0.9,1.11,0.32,255,255,255|I,77.0,2.09,0.67,255,255,255|N,72.1,2.03,0.65,255,255,255|E,74.9,2.06,0.66,255,255,255|T,86.0,2.20,0.71,255,255,255|I,84.7,2.18,0.71,255,255,255|C,84.0,2.17,0.70,255,255,255|K,84.7,2.18,0.71,255,255,255|I,83.4,2.17,0.70,255,255,255|N,82.6,2.16,0.70,255,255,255|E,81.8,2.15,0.69,255,255,255|T,81.0,2.14,0.69,255,255,255|I,79.3,2.12,0.68,255,255,255|C,79.0,2.11,0.68,255,255,255|K,81.1,2.14,0.69,255,255,255|I,80.7,2.13,0.69,255,255,255|N,82.7,2.16,0.70,255,255,255|E,82.7,2.16,0.70,255,255,255|T,80.7,2.13,0.69,255,255,255|I,81.7,2.15,0.69,255,255,255|C,81.7,2.15,0.69,255,255,255|K,81.8,2.15,0.69,255,255,255|I,80.7,2.13,0.69,255,255,255|N,81.8,2.15,0.69,255,255,255|E,80.1,2.13,0.69,255,255,255|T,79.9,2.12,0.68,255,255,255|I,79.9,2.12,0.68,255,255,255|C,79.7,2.12,0.68,255,255,255|K,80.9,2.14,0.69,255,255,255|I,80.1,2.13,0.69,255,255,255|
N,80.1,2.13,0.69,255,255,255|E,80.4,2.13,0.69,255,255,255|T,81.4,2.14,0.69,255,255,255|I,80.2,2.13,0.69,255,255,255|C,79.2,2.12,0.68,255,255,255|K,81.9,2.15,0.69,255,255,255|I,82.7,2.16,0.70,255,255,255|N,82.9,2.16,0.70,255,255,255|E,84.7,2.18,0.71,255,255,255|T,85.1,2.19,0.71,255,255,255|I,86.6,2.21,0.71,255,255,255|C,87.9,2.22,0.72,255,255,255|K,87.4,2.22,0.72,255,255,255|I,86.7,2.21,0.72,255,255,255|N,88.8,2.24,0.72,255,255,255|E,91.9,2.27,0.74,255,255,255|T,96.1,2.33,0.76,255,255,255|I,100.7,2.38,0.78,255,255,255|C,101.4,2.39,0.78,255,255,255|K,102.9,2.41,0.79,255,255,255|I,108.9,2.49,0.82,255,255,255|N,109.8,2.50,0.82,255,255,255|E,111.1,2.51,0.83,255,255,255|T,101.5,2.39,0.78,255,255,255|I,70.1,2.00,0.64,255,255,255|C,21.1,1.39,0.42,255,255,255|K,-14.0,0.95,0.26,255,255,255|I,0,1,0,0,0,0|N,0,1,0,0,0,0|E,0,1,0,0,0,0|T,0,1,0,0,0,0|I,0,1,0,0,0,0|C,0,1,0,0,0,0|K,0,1,0,0,0,0|I,0,1,0,0,0,0|N,0,1,0,0,0,0|E,0,1,0,0,0,0|T,0,1,0,0,0,0|I,0,1,0,0,0,0|C,0,1,0,0,0,0|K,0,1,0,0,0,0|I,0,1,0,0,0,0|N,0,1,0,0,0,0|E,0,1,0,0,0,0|T,0,1,0,0,0,0|I,0,1,0,0,0,0|C,0,1,0,0,0,0|K,-31.6,0.73,0.18,255,255,255|I,-27.3,0.78,0.20,255,255,255|N,-34.3,0.70,0.17,255,255,255|E,0,1,0,0,0,0|T,-38.0,0.65,0.15,255,255,255|I,0,1,0,0,0,0|C,0,1,0,0,0,0|K,0,1,0,0,0,0|I,0,1,0,0,0,0|N,0,1,0,0,0,0|E,0,1,0,0,0,0|T,-36.9,0.66,0.16,255,255,255|I,-23.5,0.83,0.22,255,255,255|C,-29.3,0.76,0.19,255,255,255|K,-37.5,0.66,0.16,255,255,255|I,-38.0,0.65,0.15,255,255,255|N,-32.8,0.71,0.18,255,255,255|E,-26.9,0.79,0.20,255,255,255|T,-34.4,0.69,0.17,255,255,255|I,-31.2,0.73,0.18,255,255,255|C,0,1,0,0,0,0|K,0,1,0,0,0,0|I,0,1,0,0,0,0|N,-22.1,0.85,0.23,255,255,255|E,77.9,2.10,0.68,255,255,255|T,70.1,2.00,0.64,255,255,255|I,72.8,2.04,0.65,255,255,255|C,85.2,2.19,0.71,255,255,255|K,87.3,2.22,0.72,255,255,255|I,86.6,2.21,0.71,255,255,255|N,85.7,2.20,0.71,255,255,255|E,83.2,2.17,0.70,255,255,255|T,82.9,2.16,0.70,255,255,255|I,82.0,2.15,0.69,255,255,255|C,83.2,2.17,0.70,255,255,255|K,81.4,2.14,0.69,255,255,255|I,79.8,2.12,0.68,255,255,255|N,80.8,2.13,0.69,255,255,255|E,80.7,2.13,0.69,255,255,255|T,80.7,2.13,0.69,255,255,255|I,82.7,2.16,0.70,255,255,255|C,82.1,2.15,0.69,255,255,255|K,83.1,2.16,0.70,255,255,255|I,82.0,2.15,0.69,255,255,255|N,81.0,2.14,0.69,255,255,255|E,80.1,2.13,0.69,255,255,255|T,81.1,2.14,0.69,255,255,255|I,80.1,2.13,0.69,255,255,255|C,80.1,2.13,0.69,255,255,255|K,81.2,2.14,0.69,255,255,255|I,79.9,2.12,0.68,255,255,255|N,79.1,2.11,0.68,255,255,255|E,82.0,2.15,0.69,255,255,255|
T,80.2,2.13,0.69,255,255,255|I,81.2,2.14,0.69,255,255,255|C,84.3,2.18,0.70,255,255,255|K,83.1,2.16,0.70,255,255,255|I,84.9,2.19,0.71,255,255,255|N,82.7,2.16,0.70,255,255,255|E,83.7,2.17,0.70,255,255,255|T,84.5,2.18,0.71,255,255,255|I,85.9,2.20,0.71,255,255,255|C,87.1,2.21,0.72,255,255,255|K,90.1,2.25,0.73,255,255,255|I,90.8,2.26,0.73,255,255,255|N,90.8,2.26,0.73,255,255,255|E,91.4,2.27,0.74,255,255,255|T,92.8,2.28,0.74,255,255,255|I,96.1,2.33,0.76,255,255,255|C,97.2,2.34,0.76,255,255,255|K,100.6,2.38,0.78,255,255,255|I,101.0,2.39,0.78,255,255,255|N,85.3,2.19,0.71,255,255,255|E,52.1,1.78,0.56,255,255,255|T,8.6,1.23,0.36,255,255,255|I,-1.0,1.11,0.32,255,255,255|C,-28.1,0.77,0.20,255,255,255|K,0,1,0,0,0,0|I,0,1,0,0,0,0|N,0,1,0,0,0,0|E,0,1,0,0,0,0|T,0,1,0,0,0,0|I,0,1,0,0,0,0|C,0,1,0,0,0,0|K,0,1,0,0,0,0|I,0,1,0,0,0,0|N,0,1,0,0,0,0|E,0,1,0,0,0,0|T,0,1,0,0,0,0|I,0,1,0,0,0,0|C,0,1,0,0,0,0|K,0,1,0,0,0,0|I,0,1,0,0,0,0|N,0,1,0,0,0,0|E,0,1,0,0,0,0|T,0,1,0,0,0,0|I,0,1,0,0,0,0|C,0,1,0,0,0,0|K,0,1,0,0,0,0|I,0,1,0,0,0,0|N,0,1,0,0,0,0|E,0,1,0,0,0,0|T,-37.0,0.66,0.16,255,255,255|I,0,1,0,0,0,0|C,0,1,0,0,0,0|K,0,1,0,0,0,0|I,0,1,0,0,0,0|N,0,1,0,0,0,0|E,0,1,0,0,0,0|T,0,1,0,0,0,0|I,0,1,0,0,0,0|C,0,1,0,0,0,0|K,-34.4,0.69,0.17,255,255,255|I,-28.8,0.76,0.20,255,255,255|N,-33.9,0.70,0.17,255,255,255|E,0,1,0,0,0,0|T,-36.9,0.66,0.16,255,255,255|I,-26.3,0.80,0.21,255,255,255|C,0,1,0,0,0,0|K,-38.3,0.65,0.15,255,255,255|I,0,1,0,0,0,0|N,0,1,0,0,0,0|E,0,1,0,0,0,0|T,0,1,0,0,0,0|I,74.5,2.06,0.66,255,255,255|C,83.4,2.17,0.70,255,255,255|K,80.8,2.14,0.69,255,255,255|I,83.6,2.17,0.70,255,255,255|N,77.8,2.10,0.67,255,255,255|E,79.6,2.12,0.68,255,255,255|T,78.8,2.11,0.68,255,255,255|I,81.3,2.14,0.69,255,255,255|C,85.3,2.19,0.71,255,255,255|K,82.2,2.15,0.69,255,255,255|I,82.2,2.15,0.69,255,255,255|N,81.7,2.15,0.69,255,255,255|E,80.9,2.14,0.69,255,255,255|T,82.0,2.15,0.69,255,255,255|I,82.7,2.16,0.70,255,255,255|C,81.9,2.15,0.69,255,255,255|K,81.5,2.14,0.69,255,255,255|I,80.1,2.13,0.69,255,255,255|N,82.1,2.15,0.69,255,255,255|E,80.4,2.13,0.69,255,255,255|T,81.4,2.14,0.69,255,255,255|I,82.0,2.15,0.69,255,255,255|C,81.9,2.15,0.69,255,255,255|K,81.1,2.14,0.69,255,255,255|I,82.4,2.16,0.70,255,255,255|N,81.5,2.14,0.69,255,255,255|E,81.2,2.14,0.69,255,255,255|T,80.1,2.13,0.69,255,255,255|I,81.1,2.14,0.69,255,255,255|
C,82.2,2.15,0.69,255,255,255|K,80.1,2.13,0.69,255,255,255|I,82.3,2.15,0.70,255,255,255|N,82.2,2.15,0.69,255,255,255|E,81.1,2.14,0.69,255,255,255|T,82.9,2.16,0.70,255,255,255|I,83.1,2.16,0.70,255,255,255|C,83.4,2.17,0.70,255,255,255|K,86.6,2.21,0.71,255,255,255|I,89.7,2.25,0.73,255,255,255|N,91.7,2.27,0.74,255,255,255|E,94.6,2.31,0.75,255,255,255|T,93.8,2.30,0.75,255,255,255|I,94.8,2.31,0.75,255,255,255|C,96.3,2.33,0.76,255,255,255|K,98.5,2.36,0.77,255,255,255|I,93.3,2.29,0.74,255,255,255|N,97.5,2.34,0.76,255,255,255|E,29.4,1.49,0.46,255,255,255|T,9.1,1.24,0.37,255,255,255|I,0,1,0,0,0,0|C,0,1,0,0,0,0|K,0,1,0,0,0,0|I,0,1,0,0,0,0|N,0,1,0,0,0,0|E,0,1,0,0,0,0|T,0,1,0,0,0,0|I,0,1,0,0,0,0|C,0,1,0,0,0,0|K,0,1,0,0,0,0|I,0,1,0,0,0,0|N,0,1,0,0,0,0|E,0,1,0,0,0,0|T,0,1,0,0,0,0|I,0,1,0,0,0,0|C,0,1,0,0,0,0|K,0,1,0,0,0,0|I,0,1,0,0,0,0|N,0,1,0,0,0,0|E,0,1,0,0,0,0|T,0,1,0,0,0,0|I,0,1,0,0,0,0|C,0,1,0,0,0,0|K,0,1,0,0,0,0|I,0,1,0,0,0,0|N,0,1,0,0,0,0|E,0,1,0,0,0,0|T,0,1,0,0,0,0|I,0,1,0,0,0,0|C,0,1,0,0,0,0|K,0,1,0,0,0,0|I,0,1,0,0,0,0|N,0,1,0,0,0,0|E,0,1,0,0,0,0|T,0,1,0,0,0,0|I,0,1,0,0,0,0|C,0,1,0,0,0,0|K,0,1,0,0,0,0|I,0,1,0,0,0,0|N,0,1,0,0,0,0|E,0,1,0,0,0,0|T,0,1,0,0,0,0|I,0,1,0,0,0,0|C,0,1,0,0,0,0|K,0,1,0,0,0,0|I,0,1,0,0,0,0|N,0,1,0,0,0,0|E,0,1,0,0,0,0|T,0,1,0,0,0,0|I,-36.4,0.67,0.16,255,255,255|C,0,1,0,0,0,0|K,-6.4,1.04,0.30,255,255,255|I,14.5,1.31,0.39,255,255,255|N,28.3,1.48,0.45,255,255,255|E,23.8,1.42,0.43,255,255,255|T,63.6,1.92,0.61,255,255,255|I,73.3,2.04,0.66,255,255,255|C,72.9,2.04,0.65,255,255,255|K,75.7,2.07,0.67,255,255,255|I,84.4,2.18,0.70,255,255,255|N,83.9,2.17,0.70,255,255,255|E,83.9,2.17,0.70,255,255,255|T,81.8,2.15,0.69,255,255,255|I,82.3,2.15,0.70,255,255,255|C,83.1,2.16,0.70,255,255,255|K,81.8,2.15,0.69,255,255,255|I,81.8,2.15,0.69,255,255,255|N,81.0,2.14,0.69,255,255,255|E,81.1,2.14,0.69,255,255,255|T,80.1,2.13,0.69,255,255,255|I,80.3,2.13,0.69,255,255,255|C,81.1,2.14,0.69,255,255,255|K,81.9,2.15,0.69,255,255,255|I,80.8,2.14,0.69,255,255,255|N,81.1,2.14,0.69,255,255,255|E,82.1,2.15,0.69,255,255,255|T,81.2,2.14,0.69,255,255,255|I,81.2,2.14,0.69,255,255,255|C,83.3,2.17,0.70,255,255,255|K,82.3,2.15,0.70,255,255,255|
I,82.2,2.15,0.69,255,255,255|N,80.3,2.13,0.69,255,255,255|E,81.2,2.14,0.69,255,255,255|T,80.7,2.13,0.69,255,255,255|I,81.7,2.15,0.69,255,255,255|C,82.2,2.15,0.69,255,255,255|K,81.4,2.14,0.69,255,255,255|I,84.6,2.18,0.71,255,255,255|N,86.1,2.20,0.71,255,255,255|E,89.1,2.24,0.73,255,255,255|T,92.9,2.29,0.74,255,255,255|I,96.3,2.33,0.76,255,255,255|C,96.4,2.33,0.76,255,255,255|K,94.8,2.31,0.75,255,255,255|I,93.5,2.29,0.75,255,255,255|N,97.8,2.35,0.76,255,255,255|E,102.0,2.40,0.78,255,255,255|T,60.7,1.88,0.60,255,255,255|I,-34.5,0.69,0.17,255,255,255|C,0,1,0,0,0,0|K,0,1,0,0,0,0|I,0,1,0,0,0,0|N,0,1,0,0,0,0|E,0,1,0,0,0,0|T,0,1,0,0,0,0|I,0,1,0,0,0,0|C,0,1,0,0,0,0|K,0,1,0,0,0,0|I,0,1,0,0,0,0|N,0,1,0,0,0,0|E,0,1,0,0,0,0|T,0,1,0,0,0,0|I,0,1,0,0,0,0|C,0,1,0,0,0,0|K,0,1,0,0,0,0|I,0,1,0,0,0,0|N,0,1,0,0,0,0|E,0,1,0,0,0,0|T,0,1,0,0,0,0|I,0,1,0,0,0,0|C,0,1,0,0,0,0|K,0,1,0,0,0,0|I,0,1,0,0,0,0|N,0,1,0,0,0,0|E,0,1,0,0,0,0|T,0,1,0,0,0,0|I,0,1,0,0,0,0|C,0,1,0,0,0,0|K,0,1,0,0,0,0|I,0,1,0,0,0,0|N,0,1,0,0,0,0|E,0,1,0,0,0,0|T,0,1,0,0,0,0|I,0,1,0,0,0,0|C,0,1,0,0,0,0|K,0,1,0,0,0,0|I,0,1,0,0,0,0|N,0,1,0,0,0,0|E,0,1,0,0,0,0|T,0,1,0,0,0,0|I,0,1,0,0,0,0|C,0,1,0,0,0,0|K,0,1,0,0,0,0|I,0,1,0,0,0,0|N,0,1,0,0,0,0|E,0,1,0,0,0,0|T,0,1,0,0,0,0|I,0,1,0,0,0,0|C,-30.1,0.75,0.19,255,255,255|K,-34.6,0.69,0.17,255,255,255|I,0,1,0,0,0,0|N,0,1,0,0,0,0|E,-33.3,0.71,0.17,255,255,255|T,0,1,0,0,0,0|I,-29.4,0.76,0.19,255,255,255|C,49.4,1.74,0.55,255,255,255|K,70.4,2.01,0.64,255,255,255|I,67.9,1.97,0.63,255,255,255|N,72.4,2.03,0.65,255,255,255|E,85.5,2.19,0.71,255,255,255|T,87.5,2.22,0.72,255,255,255|I,84.9,2.19,0.71,255,255,255|C,81.4,2.14,0.69,255,255,255|K,80.7,2.13,0.69,255,255,255|I,80.4,2.13,0.69,255,255,255|N,82.4,2.16,0.70,255,255,255|E,82.1,2.15,0.69,255,255,255|T,80.1,2.13,0.69,255,255,255|I,79.5,2.12,0.68,255,255,255|C,81.2,2.14,0.69,255,255,255|K,80.6,2.13,0.69,255,255,255|I,80.5,2.13,0.69,255,255,255|N,80.9,2.14,0.69,255,255,255|E,80.1,2.13,0.69,255,255,255|T,78.3,2.10,0.68,255,255,255|I,79.1,2.11,0.68,255,255,255|C,81.1,2.14,0.69,255,255,255|K,83.3,2.17,0.70,255,255,255|I,82.3,2.15,0.70,255,255,255|N,84.3,2.18,0.70,255,255,255|
E,79.0,2.11,0.68,255,255,255|T,81.1,2.14,0.69,255,255,255|I,81.2,2.14,0.69,255,255,255|C,81.0,2.14,0.69,255,255,255|K,82.2,2.15,0.69,255,255,255|I,81.6,2.15,0.69,255,255,255|N,83.1,2.16,0.70,255,255,255|E,83.1,2.16,0.70,255,255,255|T,87.1,2.21,0.72,255,255,255|I,90.4,2.25,0.73,255,255,255|C,95.1,2.31,0.75,255,255,255|K,98.5,2.36,0.77,255,255,255|I,97.1,2.34,0.76,255,255,255|N,100.0,2.37,0.77,255,255,255|E,104.8,2.43,0.80,255,255,255|T,98.5,2.36,0.77,255,255,255|I,45.3,1.69,0.53,255,255,255|C,-20.9,0.86,0.23,255,255,255|K,0,1,0,0,0,0|I,0,1,0,0,0,0|N,0,1,0,0,0,0|E,0,1,0,0,0,0|T,0,1,0,0,0,0|I,0,1,0,0,0,0|C,0,1,0,0,0,0|K,0,1,0,0,0,0|I,0,1,0,0,0,0|N,0,1,0,0,0,0|E,0,1,0,0,0,0|T,0,1,0,0,0,0|I,0,1,0,0,0,0|C,0,1,0,0,0,0|K,0,1,0,0,0,0|I,0,1,0,0,0,0|N,0,1,0,0,0,0|E,0,1,0,0,0,0|T,0,1,0,0,0,0|I,0,1,0,0,0,0|C,0,1,0,0,0,0|K,0,1,0,0,0,0|I,0,1,0,0,0,0|N,0,1,0,0,0,0|E,0,1,0,0,0,0|T,0,1,0,0,0,0|I,0,1,0,0,0,0|C,0,1,0,0,0,0|K,0,1,0,0,0,0|I,0,1,0,0,0,0|N,0,1,0,0,0,0|E,0,1,0,0,0,0|T,0,1,0,0,0,0|I,0,1,0,0,0,0|C,0,1,0,0,0,0|K,0,1,0,0,0,0|I,0,1,0,0,0,0|N,0,1,0,0,0,0|E,0,1,0,0,0,0|T,0,1,0,0,0,0|I,0,1,0,0,0,0|C,0,1,0,0,0,0|K,0,1,0,0,0,0|I,0,1,0,0,0,0|N,0,1,0,0,0,0|E,0,1,0,0,0,0|T,0,1,0,0,0,0|I,0,1,0,0,0,0|C,0,1,0,0,0,0|K,0,1,0,0,0,0|I,0,1,0,0,0,0|N,0,1,0,0,0,0|E,0,1,0,0,0,0|T,-25.0,0.81,0.21,255,255,255|I,-26.1,0.80,0.21,255,255,255|C,0,1,0,0,0,0|K,0,1,0,0,0,0|I,17.6,1.34,0.40,255,255,255|N,63.9,1.92,0.61,255,255,255|E,74.4,2.06,0.66,255,255,255|T,72.9,2.04,0.65,255,255,255|I,85.7,2.20,0.71,255,255,255|C,85.4,2.19,0.71,255,255,255|K,87.0,2.21,0.72,255,255,255|I,85.6,2.19,0.71,255,255,255|N,83.5,2.17,0.70,255,255,255|E,83.5,2.17,0.70,255,255,255|T,80.8,2.13,0.69,255,255,255|I,84.2,2.18,0.70,255,255,255|C,83.9,2.17,0.70,255,255,255|K,80.4,2.13,0.69,255,255,255|I,81.9,2.15,0.69,255,255,255|N,81.3,2.14,0.69,255,255,255|E,82.6,2.16,0.70,255,255,255|T,81.1,2.14,0.69,255,255,255|I,79.1,2.11,0.68,255,255,255|C,80.1,2.13,0.69,255,255,255|K,80.4,2.13,0.69,255,255,255|I,80.2,2.13,0.69,255,255,255|N,80.3,2.13,0.69,255,255,255|E,80.1,2.13,0.69,255,255,255|T,82.1,2.15,0.69,255,255,255|
I,80.1,2.13,0.69,255,255,255|C,81.3,2.14,0.69,255,255,255|K,84.3,2.18,0.70,255,255,255|I,84.2,2.18,0.70,255,255,255|N,82.0,2.15,0.69,255,255,255|E,82.1,2.15,0.69,255,255,255|T,83.4,2.17,0.70,255,255,255|I,83.4,2.17,0.70,255,255,255|C,86.8,2.21,0.72,255,255,255|K,90.6,2.26,0.73,255,255,255|I,93.5,2.29,0.75,255,255,255|N,95.4,2.32,0.75,255,255,255|E,101.6,2.39,0.78,255,255,255|T,86.4,2.20,0.71,255,255,255|I,59.6,1.87,0.59,255,255,255|C,34.9,1.56,0.48,255,255,255|K,-2.1,1.10,0.32,255,255,255|I,-31.9,0.73,0.18,255,255,255|N,0,1,0,0,0,0|E,0,1,0,0,0,0|T,0,1,0,0,0,0|I,0,1,0,0,0,0|C,0,1,0,0,0,0|K,0,1,0,0,0,0|I,0,1,0,0,0,0|N,0,1,0,0,0,0|E,0,1,0,0,0,0|T,0,1,0,0,0,0|I,0,1,0,0,0,0|C,0,1,0,0,0,0|K,0,1,0,0,0,0|I,0,1,0,0,0,0|N,0,1,0,0,0,0|E,0,1,0,0,0,0|T,0,1,0,0,0,0|I,0,1,0,0,0,0|C,0,1,0,0,0,0|K,0,1,0,0,0,0|I,0,1,0,0,0,0|N,0,1,0,0,0,0|E,0,1,0,0,0,0|T,0,1,0,0,0,0|I,0,1,0,0,0,0|C,0,1,0,0,0,0|K,0,1,0,0,0,0|I,0,1,0,0,0,0|N,0,1,0,0,0,0|E,0,1,0,0,0,0|T,0,1,0,0,0,0|I,0,1,0,0,0,0|C,0,1,0,0,0,0|K,0,1,0,0,0,0|I,0,1,0,0,0,0|N,0,1,0,0,0,0|E,-30.3,0.75,0.19,255,255,255|T,-31.1,0.74,0.19,255,255,255|I,-30.6,0.74,0.19,255,255,255|C,-30.2,0.75,0.19,255,255,255|K,-28.3,0.77,0.20,255,255,255|I,0,1,0,0,0,0|N,0,1,0,0,0,0|E,0,1,0,0,0,0|T,0,1,0,0,0,0|I,0,1,0,0,0,0|C,0,1,0,0,0,0|K,0,1,0,0,0,0|I,0,1,0,0,0,0|N,0,1,0,0,0,0|E,0,1,0,0,0,0|T,0,1,0,0,0,0|I,0,1,0,0,0,0|C,-33.1,0.71,0.18,255,255,255|K,0,1,0,0,0,0|I,0,1,0,0,0,0|N,0,1,0,0,0,0|E,-19.4,0.88,0.24,255,255,255|T,48.8,1.73,0.54,255,255,255|I,58.8,1.86,0.59,255,255,255|C,71.3,2.02,0.65,255,255,255|K,73.6,2.04,0.66,255,255,255|I,72.7,2.03,0.65,255,255,255|N,77.8,2.10,0.67,255,255,255|E,87.1,2.21,0.72,255,255,255|T,84.6,2.18,0.71,255,255,255|I,85.1,2.19,0.71,255,255,255|C,83.4,2.17,0.70,255,255,255|K,84.0,2.17,0.70,255,255,255|I,83.6,2.17,0.70,255,255,255|N,82.8,2.16,0.70,255,255,255|E,83.8,2.17,0.70,255,255,255|T,80.6,2.13,0.69,255,255,255|I,82.4,2.16,0.70,255,255,255|C,82.9,2.16,0.70,255,255,255|K,82.2,2.15,0.69,255,255,255|I,80.1,2.13,0.69,255,255,255|N,79.3,2.12,0.68,255,255,255|E,80.1,2.13,0.69,255,255,255|T,81.3,2.14,0.69,255,255,255|I,82.3,2.15,0.70,255,255,255|C,84.2,2.18,0.70,255,255,255|
K,79.7,2.12,0.68,255,255,255|I,81.0,2.14,0.69,255,255,255|N,83.3,2.17,0.70,255,255,255|E,82.0,2.15,0.69,255,255,255|T,82.1,2.15,0.69,255,255,255|I,82.1,2.15,0.69,255,255,255|C,83.4,2.17,0.70,255,255,255|K,84.4,2.18,0.70,255,255,255|I,86.9,2.21,0.72,255,255,255|N,91.4,2.27,0.74,255,255,255|E,92.8,2.28,0.74,255,255,255|T,97.6,2.34,0.76,255,255,255|I,90.6,2.26,0.73,255,255,255|C,57.0,1.84,0.58,255,255,255|K,10.9,1.26,0.37,255,255,255|I,-9.3,1.01,0.28,255,255,255|N,-4.3,1.07,0.31,255,255,255|E,0,1,0,0,0,0|T,0,1,0,0,0,0|I,0,1,0,0,0,0|C,0,1,0,0,0,0|K,0,1,0,0,0,0|I,0,1,0,0,0,0|N,0,1,0,0,0,0|E,0,1,0,0,0,0|T,0,1,0,0,0,0|I,0,1,0,0,0,0|C,0,1,0,0,0,0|K,0,1,0,0,0,0|I,0,1,0,0,0,0|N,0,1,0,0,0,0|E,0,1,0,0,0,0|T,0,1,0,0,0,0|I,0,1,0,0,0,0|C,0,1,0,0,0,0|K,0,1,0,0,0,0|I,0,1,0,0,0,0|N,0,1,0,0,0,0|E,0,1,0,0,0,0|T,0,1,0,0,0,0|I,0,1,0,0,0,0|C,0,1,0,0,0,0|K,0,1,0,0,0,0|I,0,1,0,0,0,0|N,0,1,0,0,0,0|E,0,1,0,0,0,0|T,0,1,0,0,0,0|I,0,1,0,0,0,0|C,0,1,0,0,0,0|K,0,1,0,0,0,0|I,-23.0,0.84,0.22,255,255,255|N,5.0,1.19,0.35,255,255,255|E,48.8,1.73,0.54,255,255,255|T,82.6,2.16,0.70,255,255,255|I,78.4,2.11,0.68,255,255,255|C,77.2,2.09,0.67,255,255,255|K,80.5,2.13,0.69,255,255,255|I,82.1,2.15,0.69,255,255,255|N,77.3,2.09,0.67,255,255,255|E,19.6,1.37,0.41,255,255,255|T,-18.9,0.89,0.24,255,255,255|I,-16.7,0.92,0.25,255,255,255|C,-30.1,0.75,0.19,255,255,255|K,-36.4,0.67,0.16,255,255,255|I,0,1,0,0,0,0|N,-37.3,0.66,0.16,255,255,255|E,2.1,1.15,0.33,255,255,255|T,15.8,1.32,0.40,255,255,255|I,-26.6,0.79,0.21,255,255,255|C,0,1,0,0,0,0|K,0,1,0,0,0,0|I,0,1,0,0,0,0|N,0,1,0,0,0,0|E,0,1,0,0,0,0|T,0,1,0,0,0,0|I,0,1,0,0,0,0|C,0,1,0,0,0,0|K,-27.0,0.79,0.20,255,255,255|I,76.3,2.08,0.67,255,255,255|N,73.1,2.04,0.65,255,255,255|E,73.1,2.04,0.65,255,255,255|T,77.5,2.09,0.67,255,255,255|I,88.2,2.23,0.72,255,255,255|C,84.1,2.18,0.70,255,255,255|K,87.2,2.21,0.72,255,255,255|I,86.6,2.21,0.71,255,255,255|N,85.0,2.19,0.71,255,255,255|E,83.3,2.17,0.70,255,255,255|T,81.5,2.14,0.69,255,255,255|I,80.5,2.13,0.69,255,255,255|C,80.5,2.13,0.69,255,255,255|K,80.8,2.13,0.69,255,255,255|I,80.8,2.13,0.69,255,255,255|N,82.3,2.15,0.70,255,255,255|E,81.2,2.14,0.69,255,255,255|T,81.5,2.14,0.69,255,255,255|I,82.1,2.15,0.69,255,255,255|C,84.1,2.18,0.70,255,255,255|K,84.2,2.18,0.70,255,255,255|I,85.1,2.19,0.71,255,255,255|
N,80.2,2.13,0.69,255,255,255|E,80.4,2.13,0.69,255,255,255|T,81.2,2.14,0.69,255,255,255|I,81.4,2.14,0.69,255,255,255|C,82.3,2.15,0.70,255,255,255|K,82.9,2.16,0.70,255,255,255|I,83.4,2.17,0.70,255,255,255|N,84.4,2.18,0.70,255,255,255|E,87.1,2.21,0.72,255,255,255|T,90.6,2.26,0.73,255,255,255|I,93.6,2.30,0.75,255,255,255|C,100.2,2.38,0.78,255,255,255|K,85.9,2.20,0.71,255,255,255|I,57.8,1.85,0.59,255,255,255|N,41.9,1.65,0.51,255,255,255|E,-0.3,1.12,0.32,255,255,255|T,-30.0,0.75,0.19,255,255,255|I,0,1,0,0,0,0|C,0,1,0,0,0,0|K,0,1,0,0,0,0|I,0,1,0,0,0,0|N,0,1,0,0,0,0|E,0,1,0,0,0,0|T,0,1,0,0,0,0|I,0,1,0,0,0,0|C,0,1,0,0,0,0|K,0,1,0,0,0,0|I,0,1,0,0,0,0|N,0,1,0,0,0,0|E,0,1,0,0,0,0|T,0,1,0,0,0,0|I,0,1,0,0,0,0|C,0,1,0,0,0,0|K,0,1,0,0,0,0|I,0,1,0,0,0,0|N,0,1,0,0,0,0|E,-24.8,0.81,0.21,255,255,255|T,3.1,1.16,0.34,255,255,255|I,33.2,1.54,0.47,255,255,255|C,47.8,1.72,0.54,255,255,255|K,39.6,1.62,0.50,255,255,255|I,37.3,1.59,0.49,255,255,255|N,35.6,1.57,0.49,255,255,255|E,25.6,1.44,0.44,255,255,255|T,24.8,1.44,0.44,255,255,255|I,17.9,1.35,0.41,255,255,255|C,9.4,1.24,0.37,255,255,255|K,-6.2,1.05,0.30,255,255,255|I,2.5,1.16,0.34,255,255,255|N,37.9,1.60,0.50,255,255,255|E,91.0,2.26,0.73,255,255,255|T,108.7,2.48,0.81,255,255,255|I,127.7,2.72,0.90,255,255,255|C,126.2,2.70,0.89,255,255,255|K,126.1,2.70,0.89,255,255,255|I,126.4,2.70,0.89,255,255,255|N,123.8,2.67,0.88,255,255,255|E,121.1,2.64,0.87,255,255,255|T,114.0,2.55,0.84,255,255,255|I,116.1,2.58,0.85,255,255,255|C,95.8,2.32,0.76,255,255,255|K,66.8,1.96,0.63,255,255,255|I,54.1,1.80,0.57,255,255,255|N,49.3,1.74,0.55,255,255,255|E,38.6,1.61,0.50,255,255,255|T,29.8,1.50,0.46,255,255,255|I,30.4,1.50,0.46,255,255,255|C,49.7,1.75,0.55,255,255,255|K,71.7,2.02,0.65,255,255,255|I,46.9,1.71,0.54,255,255,255|N,-6.8,1.04,0.29,255,255,255|E,0,1,0,0,0,0|T,0,1,0,0,0,0|I,0,1,0,0,0,0|C,0,1,0,0,0,0|K,0,1,0,0,0,0|I,0,1,0,0,0,0|N,-23.7,0.83,0.22,255,255,255|E,79.7,2.12,0.68,255,255,255|T,75.1,2.06,0.66,255,255,255|I,74.2,2.05,0.66,255,255,255|C,74.4,2.06,0.66,255,255,255|K,78.6,2.11,0.68,255,255,255|I,78.7,2.11,0.68,255,255,255|N,77.3,2.09,0.67,255,255,255|E,79.5,2.12,0.68,255,255,255|T,78.2,2.10,0.68,255,255,255|I,81.3,2.14,0.69,255,255,255|C,84.3,2.18,0.70,255,255,255|K,82.2,2.15,0.69,255,255,255|I,82.5,2.16,0.70,255,255,255|N,84.5,2.18,0.71,255,255,255|E,82.1,2.15,0.69,255,255,255|T,80.5,2.13,0.69,255,255,255|I,83.4,2.17,0.70,255,255,255|C,82.0,2.15,0.69,255,255,255|K,80.7,2.13,0.69,255,255,255|I,83.2,2.17,0.70,255,255,255|N,81.6,2.15,0.69,255,255,255|E,83.6,2.17,0.70,255,255,255|
T,78.0,2.10,0.68,255,255,255|I,81.1,2.14,0.69,255,255,255|C,82.3,2.15,0.70,255,255,255|K,82.2,2.15,0.69,255,255,255|I,82.3,2.15,0.70,255,255,255|N,83.4,2.17,0.70,255,255,255|E,85.1,2.19,0.71,255,255,255|T,86.8,2.21,0.72,255,255,255|I,88.7,2.23,0.72,255,255,255|C,91.2,2.27,0.74,255,255,255|K,95.4,2.32,0.75,255,255,255|I,96.5,2.33,0.76,255,255,255|N,102.4,2.41,0.79,255,255,255|E,71.8,2.02,0.65,255,255,255|T,66.4,1.95,0.62,255,255,255|I,25.3,1.44,0.44,255,255,255|C,0,1,0,0,0,0|K,0,1,0,0,0,0|I,0,1,0,0,0,0|N,0,1,0,0,0,0|E,0,1,0,0,0,0|T,0,1,0,0,0,0|I,0,1,0,0,0,0|C,0,1,0,0,0,0|K,0,1,0,0,0,0|I,0,1,0,0,0,0|N,0,1,0,0,0,0|E,0,1,0,0,0,0|T,0,1,0,0,0,0|I,0,1,0,0,0,0|C,0,1,0,0,0,0|K,0,1,0,0,0,0|I,0,1,0,0,0,0|N,0,1,0,0,0,0|E,-6.3,1.05,0.30,255,255,255|T,41.8,1.65,0.51,255,255,255|I,69.6,1.99,0.64,255,255,255|C,80.9,2.14,0.69,255,255,255|K,81.1,2.14,0.69,255,255,255|I,80.1,2.13,0.69,255,255,255|N,82.4,2.16,0.70,255,255,255|E,81.7,2.15,0.69,255,255,255|T,92.8,2.29,0.74,255,255,255|I,107.1,2.46,0.81,255,255,255|C,112.4,2.53,0.83,255,255,255|K,110.1,2.50,0.82,255,255,255|I,108.6,2.48,0.81,255,255,255|N,97.5,2.34,0.76,255,255,255|E,95.0,2.31,0.75,255,255,255|T,107.8,2.47,0.81,255,255,255|I,116.1,2.58,0.85,255,255,255|C,115.4,2.57,0.84,255,255,255|K,116.0,2.57,0.85,255,255,255|I,117.3,2.59,0.85,255,255,255|N,117.8,2.60,0.86,255,255,255|E,118.0,2.60,0.86,255,255,255|T,118.8,2.61,0.86,255,255,255|I,120.4,2.63,0.87,255,255,255|C,121.2,2.64,0.87,255,255,255|K,121.0,2.64,0.87,255,255,255|I,120.7,2.63,0.87,255,255,255|N,121.4,2.64,0.87,255,255,255|E,123.2,2.66,0.88,255,255,255|T,119.5,2.62,0.86,255,255,255|I,115.4,2.57,0.84,255,255,255|C,110.9,2.51,0.82,255,255,255|K,100.9,2.39,0.78,255,255,255|I,80.4,2.13,0.69,255,255,255|N,72.3,2.03,0.65,255,255,255|E,74.8,2.06,0.66,255,255,255|T,75.0,2.06,0.66,255,255,255|I,13.4,1.29,0.39,255,255,255|C,0,1,0,0,0,0|K,0,1,0,0,0,0|I,0,1,0,0,0,0|N,0,1,0,0,0,0|E,0,1,0,0,0,0|T,-9.7,1.00,0.28,255,255,255|I,51.6,1.77,0.56,255,255,255|C,78.1,2.10,0.68,255,255,255|K,75.7,2.07,0.67,255,255,255|I,76.7,2.08,0.67,255,255,255|N,78.4,2.10,0.68,255,255,255|E,77.5,2.09,0.67,255,255,255|T,76.7,2.08,0.67,255,255,255|I,73.6,2.04,0.66,255,255,255|C,75.4,2.07,0.66,255,255,255|K,79.4,2.12,0.68,255,255,255|I,86.2,2.20,0.71,255,255,255|N,84.8,2.19,0.71,255,255,255|E,81.9,2.15,0.69,255,255,255|T,80.3,2.13,0.69,255,255,255|I,80.9,2.14,0.69,255,255,255|C,81.6,2.15,0.69,255,255,255|K,80.9,2.14,0.69,255,255,255|I,81.8,2.15,0.69,255,255,255|N,82.0,2.15,0.69,255,255,255|E,82.1,2.15,0.69,255,255,255|T,83.4,2.17,0.70,255,255,255|I,83.4,2.17,0.70,255,255,255|
C,80.1,2.13,0.69,255,255,255|K,80.2,2.13,0.69,255,255,255|I,83.8,2.17,0.70,255,255,255|N,82.2,2.15,0.69,255,255,255|E,81.9,2.15,0.69,255,255,255|T,82.9,2.16,0.70,255,255,255|I,85.8,2.20,0.71,255,255,255|C,87.9,2.22,0.72,255,255,255|K,90.3,2.25,0.73,255,255,255|I,92.9,2.29,0.74,255,255,255|N,93.8,2.30,0.75,255,255,255|E,95.5,2.32,0.75,255,255,255|T,94.9,2.31,0.75,255,255,255|I,117.4,2.59,0.85,255,255,255|C,59.8,1.87,0.59,255,255,255|K,-38.2,0.65,0.15,255,255,255|I,-35.8,0.68,0.16,255,255,255|N,0,1,0,0,0,0|E,0,1,0,0,0,0|T,0,1,0,0,0,0|I,0,1,0,0,0,0|C,0,1,0,0,0,0|K,0,1,0,0,0,0|I,0,1,0,0,0,0|N,0,1,0,0,0,0|E,0,1,0,0,0,0|T,0,1,0,0,0,0|I,0,1,0,0,0,0|C,0,1,0,0,0,0|K,0,1,0,0,0,0|I,0,1,0,0,0,0|N,0,1,0,0,0,0|E,-26.2,0.80,0.21,255,255,255|T,28.1,1.48,0.45,255,255,255|I,56.7,1.83,0.58,255,255,255|C,62.8,1.91,0.61,255,255,255|K,68.2,1.98,0.63,255,255,255|I,73.4,2.04,0.66,255,255,255|N,75.4,2.07,0.66,255,255,255|E,75.8,2.07,0.67,255,255,255|T,76.4,2.08,0.67,255,255,255|I,77.4,2.09,0.67,255,255,255|C,95.4,2.32,0.75,255,255,255|K,98.1,2.35,0.77,255,255,255|I,96.1,2.33,0.76,255,255,255|N,98.5,2.36,0.77,255,255,255|E,104.2,2.43,0.79,255,255,255|T,102.2,2.40,0.78,255,255,255|I,103.6,2.42,0.79,255,255,255|C,101.0,2.39,0.78,255,255,255|K,103.8,2.42,0.79,255,255,255|I,109.7,2.50,0.82,255,255,255|N,114.6,2.56,0.84,255,255,255|E,113.8,2.55,0.84,255,255,255|T,113.7,2.55,0.84,255,255,255|I,113.7,2.55,0.84,255,255,255|C,114.7,2.56,0.84,255,255,255|K,116.3,2.58,0.85,255,255,255|I,118.3,2.60,0.86,255,255,255|N,119.6,2.62,0.86,255,255,255|E,118.0,2.60,0.86,255,255,255|T,114.2,2.55,0.84,255,255,255|I,111.4,2.52,0.83,255,255,255|C,108.5,2.48,0.81,255,255,255|K,107.5,2.47,0.81,255,255,255|I,105.8,2.45,0.80,255,255,255|N,104.9,2.44,0.80,255,255,255|E,106.1,2.45,0.80,255,255,255|T,82.4,2.15,0.70,255,255,255|I,70.5,2.01,0.64,255,255,255|C,68.3,1.98,0.63,255,255,255|K,84.1,2.18,0.70,255,255,255|I,12.2,1.28,0.38,255,255,255|N,-23.7,0.83,0.22,255,255,255|E,-22.7,0.84,0.22,255,255,255|T,-33.1,0.71,0.18,255,255,255|I,0,1,0,0,0,0|C,0,1,0,0,0,0|K,15.2,1.32,0.39,255,255,255|I,76.3,2.08,0.67,255,255,255|N,74.9,2.06,0.66,255,255,255|E,77.9,2.10,0.68,255,255,255|T,78.2,2.10,0.68,255,255,255|I,82.7,2.16,0.70,255,255,255|C,91.9,2.27,0.74,255,255,255|K,90.0,2.25,0.73,255,255,255|I,88.6,2.23,0.72,255,255,255|N,86.8,2.21,0.72,255,255,255|E,87.4,2.22,0.72,255,255,255|T,85.6,2.20,0.71,255,255,255|I,85.6,2.19,0.71,255,255,255|C,81.6,2.15,0.69,255,255,255|K,81.9,2.15,0.69,255,255,255|I,82.1,2.15,0.69,255,255,255|N,83.3,2.17,0.70,255,255,255|E,82.1,2.15,0.69,255,255,255|T,82.3,2.15,0.70,255,255,255|I,82.3,2.15,0.70,255,255,255|C,82.3,2.15,0.70,255,255,255|K,83.2,2.17,0.70,255,255,255|
I,80.1,2.13,0.69,255,255,255|N,81.1,2.14,0.69,255,255,255|E,82.1,2.15,0.69,255,255,255|T,82.9,2.16,0.70,255,255,255|I,83.1,2.16,0.70,255,255,255|C,84.3,2.18,0.70,255,255,255|K,85.9,2.20,0.71,255,255,255|I,87.8,2.22,0.72,255,255,255|N,90.8,2.26,0.73,255,255,255|E,93.3,2.29,0.74,255,255,255|T,95.5,2.32,0.75,255,255,255|I,97.2,2.34,0.76,255,255,255|C,101.5,2.39,0.78,255,255,255|K,69.2,1.99,0.64,255,255,255|I,-24.0,0.82,0.22,255,255,255|N,-33.5,0.71,0.17,255,255,255|E,-20.3,0.87,0.23,255,255,255|T,0,1,0,0,0,0|I,0,1,0,0,0,0|C,0,1,0,0,0,0|K,0,1,0,0,0,0|I,0,1,0,0,0,0|N,0,1,0,0,0,0|E,0,1,0,0,0,0|T,0,1,0,0,0,0|I,0,1,0,0,0,0|C,0,1,0,0,0,0|K,0,1,0,0,0,0|I,0,1,0,0,0,0|N,0,1,0,0,0,0|E,-33.6,0.70,0.17,255,255,255|T,-20.3,0.87,0.23,255,255,255|I,-9.3,1.01,0.28,255,255,255|C,20.4,1.38,0.42,255,255,255|K,39.9,1.62,0.50,255,255,255|I,59.1,1.86,0.59,255,255,255|N,70.0,2.00,0.64,255,255,255|E,73.3,2.04,0.65,255,255,255|T,74.0,2.05,0.66,255,255,255|I,75.7,2.07,0.67,255,255,255|C,77.1,2.09,0.67,255,255,255|K,77.5,2.09,0.67,255,255,255|I,93.8,2.30,0.75,255,255,255|N,105.2,2.44,0.80,255,255,255|E,103.4,2.42,0.79,255,255,255|T,106.7,2.46,0.81,255,255,255|I,108.9,2.49,0.81,255,255,255|C,109.5,2.49,0.82,255,255,255|K,108.3,2.48,0.81,255,255,255|I,108.1,2.48,0.81,255,255,255|N,109.7,2.50,0.82,255,255,255|E,112.5,2.53,0.83,255,255,255|T,113.7,2.55,0.84,255,255,255|I,114.8,2.56,0.84,255,255,255|C,112.9,2.54,0.83,255,255,255|K,112.3,2.53,0.83,255,255,255|I,114.0,2.55,0.84,255,255,255|N,113.1,2.54,0.83,255,255,255|E,115.2,2.56,0.84,255,255,255|T,117.4,2.59,0.85,255,255,255|I,117.2,2.59,0.85,255,255,255|C,116.0,2.57,0.85,255,255,255|K,113.2,2.54,0.83,255,255,255|I,110.3,2.50,0.82,255,255,255|N,108.1,2.48,0.81,255,255,255|E,104.5,2.43,0.80,255,255,255|T,103.9,2.42,0.79,255,255,255|I,105.1,2.44,0.80,255,255,255|C,88.7,2.23,0.72,255,255,255|K,70.5,2.01,0.64,255,255,255|I,70.5,2.01,0.64,255,255,255|N,77.8,2.10,0.68,255,255,255|E,48.0,1.73,0.54,255,255,255|T,-25.8,0.80,0.21,255,255,255|I,-29.9,0.75,0.19,255,255,255|C,-33.4,0.71,0.17,255,255,255|K,0,1,0,0,0,0|I,0,1,0,0,0,0|N,46.2,1.70,0.53,255,255,255|E,74.3,2.05,0.66,255,255,255|T,72.2,2.03,0.65,255,255,255|I,76.7,2.08,0.67,255,255,255|C,79.5,2.12,0.68,255,255,255|K,88.6,2.23,0.72,255,255,255|I,97.1,2.34,0.76,255,255,255|N,92.9,2.29,0.74,255,255,255|E,91.7,2.27,0.74,255,255,255|T,89.9,2.25,0.73,255,255,255|I,87.5,2.22,0.72,255,255,255|C,85.8,2.20,0.71,255,255,255|K,82.8,2.16,0.70,255,255,255|I,83.7,2.17,0.70,255,255,255|N,82.3,2.15,0.70,255,255,255|E,82.8,2.16,0.70,255,255,255|T,81.3,2.14,0.69,255,255,255|I,81.3,2.14,0.69,255,255,255|C,83.9,2.17,0.70,255,255,255|K,83.2,2.17,0.70,255,255,255|I,82.2,2.15,0.69,255,255,255|N,84.2,2.18,0.70,255,255,255|
E,81.1,2.14,0.69,255,255,255|T,81.1,2.14,0.69,255,255,255|I,82.3,2.15,0.70,255,255,255|C,83.3,2.17,0.70,255,255,255|K,84.0,2.17,0.70,255,255,255|I,84.9,2.19,0.71,255,255,255|N,83.7,2.17,0.70,255,255,255|E,86.0,2.20,0.71,255,255,255|T,88.5,2.23,0.72,255,255,255|I,91.1,2.26,0.74,255,255,255|C,94.7,2.31,0.75,255,255,255|K,94.8,2.31,0.75,255,255,255|I,58.0,1.85,0.59,255,255,255|N,2.5,1.16,0.34,255,255,255|E,-13.8,0.95,0.26,255,255,255|T,-36.5,0.67,0.16,255,255,255|I,-36.4,0.67,0.16,255,255,255|C,0,1,0,0,0,0|K,0,1,0,0,0,0|I,0,1,0,0,0,0|N,0,1,0,0,0,0|E,0,1,0,0,0,0|T,0,1,0,0,0,0|I,0,1,0,0,0,0|C,0,1,0,0,0,0|K,0,1,0,0,0,0|I,0,1,0,0,0,0|N,0,1,0,0,0,0|E,0,1,0,0,0,0|T,0,1,0,0,0,0|I,10.9,1.26,0.37,255,255,255|C,9.8,1.25,0.37,255,255,255|K,-16.1,0.92,0.25,255,255,255|I,2.4,1.15,0.34,255,255,255|N,35.8,1.57,0.49,255,255,255|E,36.8,1.58,0.49,255,255,255|T,41.5,1.64,0.51,255,255,255|I,61.8,1.90,0.60,255,255,255|C,70.7,2.01,0.64,255,255,255|K,72.2,2.03,0.65,255,255,255|I,74.3,2.05,0.66,255,255,255|N,76.4,2.08,0.67,255,255,255|E,81.0,2.14,0.69,255,255,255|T,100.2,2.38,0.78,255,255,255|I,100.9,2.39,0.78,255,255,255|C,107.8,2.47,0.81,255,255,255|K,111.3,2.52,0.83,255,255,255|I,110.6,2.51,0.82,255,255,255|N,110.3,2.50,0.82,255,255,255|E,110.6,2.51,0.82,255,255,255|T,112.0,2.53,0.83,255,255,255|I,112.2,2.53,0.83,255,255,255|C,110.5,2.51,0.82,255,255,255|K,107.4,2.47,0.81,255,255,255|I,108.0,2.47,0.81,255,255,255|N,108.5,2.48,0.81,255,255,255|E,110.3,2.50,0.82,255,255,255|T,109.0,2.49,0.82,255,255,255|I,112.3,2.53,0.83,255,255,255|C,113.5,2.54,0.84,255,255,255|K,112.2,2.53,0.83,255,255,255|I,112.1,2.53,0.83,255,255,255|N,111.7,2.52,0.83,255,255,255|E,108.8,2.48,0.81,255,255,255|T,104.1,2.43,0.79,255,255,255|I,100.0,2.37,0.77,255,255,255|C,99.5,2.37,0.77,255,255,255|K,97.5,2.34,0.76,255,255,255|I,87.2,2.21,0.72,255,255,255|N,70.5,2.01,0.64,255,255,255|E,72.7,2.03,0.65,255,255,255|T,74.3,2.05,0.66,255,255,255|I,65.3,1.94,0.62,255,255,255|C,-15.7,0.93,0.25,255,255,255|K,0,1,0,0,0,0|I,0,1,0,0,0,0|N,0,1,0,0,0,0|E,-14.8,0.94,0.26,255,255,255|T,56.0,1.82,0.58,255,255,255|I,90.2,2.25,0.73,255,255,255|C,87.9,2.22,0.72,255,255,255|K,79.1,2.11,0.68,255,255,255|I,78.9,2.11,0.68,255,255,255|N,88.6,2.23,0.72,255,255,255|E,96.3,2.33,0.76,255,255,255|T,91.6,2.27,0.74,255,255,255|I,91.6,2.27,0.74,255,255,255|C,88.6,2.23,0.72,255,255,255|K,85.6,2.20,0.71,255,255,255|I,84.8,2.19,0.71,255,255,255|N,84.0,2.18,0.70,255,255,255|E,83.5,2.17,0.70,255,255,255|T,82.6,2.16,0.70,255,255,255|I,81.8,2.15,0.69,255,255,255|C,81.0,2.14,0.69,255,255,255|K,81.5,2.14,0.69,255,255,255|I,81.2,2.14,0.69,255,255,255|N,83.3,2.17,0.70,255,255,255|E,85.4,2.19,0.71,255,255,255|T,83.3,2.17,0.70,255,255,255|
I,82.0,2.15,0.69,255,255,255|C,83.0,2.16,0.70,255,255,255|K,82.9,2.16,0.70,255,255,255|I,82.3,2.15,0.70,255,255,255|N,81.1,2.14,0.69,255,255,255|E,82.1,2.15,0.69,255,255,255|T,84.2,2.18,0.70,255,255,255|I,85.2,2.19,0.71,255,255,255|C,86.9,2.21,0.72,255,255,255|K,89.4,2.24,0.73,255,255,255|I,92.9,2.29,0.74,255,255,255|N,94.8,2.31,0.75,255,255,255|E,88.2,2.23,0.72,255,255,255|T,101.1,2.39,0.78,255,255,255|I,53.1,1.79,0.56,255,255,255|C,-27.0,0.79,0.20,255,255,255|K,0,1,0,0,0,0|I,0,1,0,0,0,0|N,0,1,0,0,0,0|E,0,1,0,0,0,0|T,0,1,0,0,0,0|I,0,1,0,0,0,0|C,0,1,0,0,0,0|K,0,1,0,0,0,0|I,0,1,0,0,0,0|N,0,1,0,0,0,0|E,0,1,0,0,0,0|T,0,1,0,0,0,0|I,0,1,0,0,0,0|C,0,1,0,0,0,0|K,7.2,1.21,0.36,255,255,255|I,27.7,1.47,0.45,255,255,255|N,2.0,1.15,0.33,255,255,255|E,-0.6,1.12,0.32,255,255,255|T,25.0,1.44,0.44,255,255,255|I,28.6,1.48,0.45,255,255,255|C,38.9,1.61,0.50,255,255,255|K,58.0,1.85,0.59,255,255,255|I,66.8,1.96,0.63,255,255,255|N,70.3,2.00,0.64,255,255,255|E,73.5,2.04,0.66,255,255,255|T,75.3,2.07,0.66,255,255,255|I,76.3,2.08,0.67,255,255,255|C,86.9,2.21,0.72,255,255,255|K,93.3,2.29,0.74,255,255,255|I,105.8,2.45,0.80,255,255,255|N,113.9,2.55,0.84,255,255,255|E,115.0,2.56,0.84,255,255,255|T,114.3,2.55,0.84,255,255,255|I,110.4,2.51,0.82,255,255,255|C,108.5,2.48,0.81,255,255,255|K,109.0,2.49,0.82,255,255,255|I,108.8,2.49,0.81,255,255,255|N,112.4,2.53,0.83,255,255,255|E,113.5,2.54,0.84,255,255,255|T,111.7,2.52,0.83,255,255,255|I,111.0,2.51,0.82,255,255,255|C,108.5,2.48,0.81,255,255,255|K,108.1,2.48,0.81,255,255,255|I,107.1,2.46,0.81,255,255,255|N,105.1,2.44,0.80,255,255,255|E,102.0,2.40,0.78,255,255,255|T,101.0,2.39,0.78,255,255,255|I,98.8,2.36,0.77,255,255,255|C,96.8,2.34,0.76,255,255,255|K,95.9,2.32,0.76,255,255,255|I,97.8,2.35,0.76,255,255,255|N,100.6,2.38,0.78,255,255,255|E,85.7,2.20,0.71,255,255,255|T,69.1,1.99,0.64,255,255,255|I,70.1,2.00,0.64,255,255,255|C,70.1,2.00,0.64,255,255,255|K,56.3,1.83,0.58,255,255,255|I,-16.4,0.92,0.25,255,255,255|N,0,1,0,0,0,0|E,0,1,0,0,0,0|T,0,1,0,0,0,0|I,0,1,0,0,0,0|C,-29.4,0.76,0.19,255,255,255|K,-10.4,0.99,0.28,255,255,255|I,12.3,1.28,0.38,255,255,255|N,71.3,2.02,0.65,255,255,255|E,78.3,2.10,0.68,255,255,255|T,87.2,2.22,0.72,255,255,255|I,94.8,2.31,0.75,255,255,255|C,90.3,2.25,0.73,255,255,255|K,88.7,2.23,0.72,255,255,255|I,87.1,2.21,0.72,255,255,255|N,84.5,2.18,0.71,255,255,255|E,84.5,2.18,0.71,255,255,255|T,83.4,2.17,0.70,255,255,255|I,83.7,2.17,0.70,255,255,255|C,83.6,2.17,0.70,255,255,255|K,82.8,2.16,0.70,255,255,255|I,82.6,2.16,0.70,255,255,255|N,80.4,2.13,0.69,255,255,255|E,81.2,2.14,0.69,255,255,255|T,82.3,2.15,0.70,255,255,255|I,83.0,2.16,0.70,255,255,255|C,82.7,2.16,0.70,255,255,255|
K,83.1,2.16,0.70,255,255,255|I,81.1,2.14,0.69,255,255,255|N,82.1,2.15,0.69,255,255,255|E,82.9,2.16,0.70,255,255,255|T,81.9,2.15,0.69,255,255,255|I,81.8,2.15,0.69,255,255,255|C,85.8,2.20,0.71,255,255,255|K,86.0,2.20,0.71,255,255,255|I,87.9,2.22,0.72,255,255,255|N,89.5,2.24,0.73,255,255,255|E,90.9,2.26,0.73,255,255,255|T,94.1,2.30,0.75,255,255,255|I,95.3,2.32,0.75,255,255,255|C,103.0,2.41,0.79,255,255,255|K,68.6,1.98,0.63,255,255,255|I,8.6,1.23,0.36,255,255,255|N,-34.2,0.70,0.17,255,255,255|E,0,1,0,0,0,0|T,0,1,0,0,0,0|I,0,1,0,0,0,0|C,0,1,0,0,0,0|K,0,1,0,0,0,0|I,0,1,0,0,0,0|N,0,1,0,0,0,0|E,0,1,0,0,0,0|T,0,1,0,0,0,0|I,0,1,0,0,0,0|C,0,1,0,0,0,0|K,0,1,0,0,0,0|I,0,1,0,0,0,0|N,-11.5,0.98,0.27,255,255,255|E,39.3,1.62,0.50,255,255,255|T,40.5,1.63,0.51,255,255,255|I,28.6,1.48,0.45,255,255,255|C,42.4,1.65,0.52,255,255,255|K,59.4,1.87,0.59,255,255,255|I,65.4,1.94,0.62,255,255,255|N,68.1,1.98,0.63,255,255,255|E,69.6,2.00,0.64,255,255,255|T,71.7,2.02,0.65,255,255,255|I,82.8,2.16,0.70,255,255,255|C,94.3,2.30,0.75,255,255,255|K,100.6,2.38,0.78,255,255,255|I,94.7,2.31,0.75,255,255,255|N,93.8,2.30,0.75,255,255,255|E,104.4,2.43,0.79,255,255,255|T,114.1,2.55,0.84,255,255,255|I,118.4,2.61,0.86,255,255,255|C,119.1,2.61,0.86,255,255,255|K,117.2,2.59,0.85,255,255,255|I,112.4,2.53,0.83,255,255,255|N,107.1,2.46,0.81,255,255,255|E,105.8,2.45,0.80,255,255,255|T,115.9,2.57,0.85,255,255,255|I,121.7,2.65,0.87,255,255,255|C,122.8,2.66,0.88,255,255,255|K,122.7,2.66,0.88,255,255,255|I,122.3,2.65,0.88,255,255,255|N,120.3,2.63,0.87,255,255,255|E,117.2,2.59,0.85,255,255,255|T,116.6,2.58,0.85,255,255,255|I,115.0,2.56,0.84,255,255,255|C,113.2,2.54,0.83,255,255,255|K,109.3,2.49,0.82,255,255,255|I,107.5,2.47,0.81,255,255,255|N,105.7,2.45,0.80,255,255,255|E,104.8,2.43,0.80,255,255,255|T,100.2,2.38,0.78,255,255,255|I,82.8,2.16,0.70,255,255,255|C,70.9,2.01,0.64,255,255,255|K,69.3,1.99,0.64,255,255,255|I,76.3,2.08,0.67,255,255,255|N,38.6,1.61,0.50,255,255,255|E,-35.9,0.68,0.16,255,255,255|T,0,1,0,0,0,0|I,0,1,0,0,0,0|C,0,1,0,0,0,0|K,0,1,0,0,0,0|I,0,1,0,0,0,0|N,0,1,0,0,0,0|E,-31.6,0.73,0.18,255,255,255|T,3.2,1.16,0.34,255,255,255|I,74.5,2.06,0.66,255,255,255|C,93.1,2.29,0.74,255,255,255|K,95.3,2.32,0.75,255,255,255|I,91.1,2.26,0.73,255,255,255|N,89.8,2.25,0.73,255,255,255|E,86.6,2.21,0.71,255,255,255|T,85.0,2.19,0.71,255,255,255|I,85.3,2.19,0.71,255,255,255|C,83.1,2.16,0.70,255,255,255|K,83.9,2.17,0.70,255,255,255|I,82.8,2.16,0.70,255,255,255|N,81.3,2.14,0.69,255,255,255|E,82.3,2.15,0.70,255,255,255|T,82.3,2.15,0.70,255,255,255|I,82.1,2.15,0.69,255,255,255|C,81.2,2.14,0.69,255,255,255|K,83.3,2.17,0.70,255,255,255|I,83.3,2.17,0.70,255,255,255|
N,81.8,2.15,0.69,255,255,255|E,80.9,2.14,0.69,255,255,255|T,83.1,2.16,0.70,255,255,255|I,82.7,2.16,0.70,255,255,255|C,81.8,2.15,0.69,255,255,255|K,83.4,2.17,0.70,255,255,255|I,84.5,2.18,0.71,255,255,255|N,84.8,2.19,0.71,255,255,255|E,86.8,2.21,0.72,255,255,255|T,91.5,2.27,0.74,255,255,255|I,91.3,2.27,0.74,255,255,255|C,94.4,2.30,0.75,255,255,255|K,94.6,2.31,0.75,255,255,255|I,94.5,2.31,0.75,255,255,255|N,100.6,2.38,0.78,255,255,255|E,80.7,2.13,0.69,255,255,255|T,-11.6,0.98,0.27,255,255,255|I,0,1,0,0,0,0|C,0,1,0,0,0,0|K,0,1,0,0,0,0|I,0,1,0,0,0,0|N,0,1,0,0,0,0|E,0,1,0,0,0,0|T,0,1,0,0,0,0|I,0,1,0,0,0,0|C,0,1,0,0,0,0|K,0,1,0,0,0,0|I,0,1,0,0,0,0|N,0,1,0,0,0,0|E,0,1,0,0,0,0|T,-27.0,0.79,0.20,255,255,255|I,29.1,1.49,0.46,255,255,255|C,52.7,1.78,0.56,255,255,255|K,58.3,1.85,0.59,255,255,255|I,59.0,1.86,0.59,255,255,255|N,66.2,1.95,0.62,255,255,255|E,71.6,2.02,0.65,255,255,255|T,73.0,2.04,0.65,255,255,255|I,75.1,2.06,0.66,255,255,255|C,85.4,2.19,0.71,255,255,255|K,94.7,2.31,0.75,255,255,255|I,103.4,2.42,0.79,255,255,255|N,113.5,2.54,0.84,255,255,255|E,115.3,2.57,0.84,255,255,255|T,115.3,2.57,0.84,255,255,255|I,119.1,2.61,0.86,255,255,255|C,121.9,2.65,0.87,255,255,255|K,122.3,2.65,0.88,255,255,255|I,121.0,2.64,0.87,255,255,255|N,121.1,2.64,0.87,255,255,255|E,113.8,2.55,0.84,255,255,255|T,111.6,2.52,0.83,255,255,255|I,109.0,2.49,0.82,255,255,255|C,114.5,2.56,0.84,255,255,255|K,120.0,2.63,0.87,255,255,255|I,122.8,2.66,0.88,255,255,255|N,122.8,2.66,0.88,255,255,255|E,123.2,2.67,0.88,255,255,255|T,122.4,2.66,0.88,255,255,255|I,122.3,2.65,0.88,255,255,255|C,122.4,2.66,0.88,255,255,255|K,123.1,2.66,0.88,255,255,255|I,121.9,2.65,0.87,255,255,255|N,119.9,2.62,0.86,255,255,255|E,115.1,2.56,0.84,255,255,255|T,110.1,2.50,0.82,255,255,255|I,106.2,2.45,0.80,255,255,255|C,94.8,2.31,0.75,255,255,255|K,74.2,2.05,0.66,255,255,255|I,72.5,2.03,0.65,255,255,255|N,71.2,2.01,0.65,255,255,255|E,76.9,2.09,0.67,255,255,255|T,31.4,1.52,0.47,255,255,255|I,0,1,0,0,0,0|C,0,1,0,0,0,0|K,0,1,0,0,0,0|I,0,1,0,0,0,0|N,0,1,0,0,0,0|E,0,1,0,0,0,0|T,-32.7,0.72,0.18,255,255,255|I,68.0,1.97,0.63,255,255,255|C,67.4,1.97,0.63,255,255,255|K,70.6,2.01,0.64,255,255,255|I,79.3,2.12,0.68,255,255,255|N,92.1,2.28,0.74,255,255,255|E,92.1,2.28,0.74,255,255,255|T,88.9,2.24,0.73,255,255,255|I,84.2,2.18,0.70,255,255,255|C,84.7,2.18,0.71,255,255,255|K,84.5,2.18,0.71,255,255,255|I,83.9,2.17,0.70,255,255,255|N,83.4,2.17,0.70,255,255,255|E,83.7,2.17,0.70,255,255,255|T,82.5,2.16,0.70,255,255,255|I,80.8,2.13,0.69,255,255,255|C,80.7,2.13,0.69,255,255,255|K,83.0,2.16,0.70,255,255,255|I,83.7,2.17,0.70,255,255,255|N,85.1,2.19,0.71,255,255,255|E,85.7,2.20,0.71,255,255,255|
T,81.2,2.14,0.69,255,255,255|I,81.2,2.14,0.69,255,255,255|C,81.1,2.14,0.69,255,255,255|K,82.6,2.16,0.70,255,255,255|I,82.9,2.16,0.70,255,255,255|N,82.9,2.16,0.70,255,255,255|E,83.6,2.17,0.70,255,255,255|T,84.6,2.18,0.71,255,255,255|I,85.8,2.20,0.71,255,255,255|C,88.5,2.23,0.72,255,255,255|K,91.7,2.27,0.74,255,255,255|I,93.5,2.29,0.75,255,255,255|N,97.3,2.34,0.76,255,255,255|E,96.8,2.33,0.76,255,255,255|T,103.4,2.42,0.79,255,255,255|I,70.5,2.01,0.64,255,255,255|C,-15.3,0.93,0.26,255,255,255|K,-34.6,0.69,0.17,255,255,255|I,0,1,0,0,0,0|N,0,1,0,0,0,0|E,0,1,0,0,0,0|T,0,1,0,0,0,0|I,0,1,0,0,0,0|C,0,1,0,0,0,0|K,0,1,0,0,0,0|I,0,1,0,0,0,0|N,0,1,0,0,0,0|E,0,1,0,0,0,0|T,0,1,0,0,0,0|I,0,1,0,0,0,0|C,0,1,0,0,0,0|K,4.6,1.18,0.35,255,255,255|I,44.0,1.67,0.52,255,255,255|N,56.0,1.82,0.58,255,255,255|E,66.2,1.95,0.62,255,255,255|T,70.7,2.01,0.64,255,255,255|I,78.9,2.11,0.68,255,255,255|C,86.9,2.21,0.72,255,255,255|K,89.1,2.24,0.73,255,255,255|I,102.3,2.40,0.79,255,255,255|N,111.0,2.51,0.82,255,255,255|E,117.3,2.59,0.85,255,255,255|T,121.0,2.64,0.87,255,255,255|I,122.2,2.65,0.87,255,255,255|C,122.4,2.66,0.88,255,255,255|K,123.4,2.67,0.88,255,255,255|I,124.7,2.68,0.89,255,255,255|N,124.3,2.68,0.88,255,255,255|E,123.5,2.67,0.88,255,255,255|T,120.1,2.63,0.87,255,255,255|I,116.4,2.58,0.85,255,255,255|C,112.8,2.54,0.83,255,255,255|K,117.2,2.59,0.85,255,255,255|I,120.3,2.63,0.87,255,255,255|N,123.9,2.67,0.88,255,255,255|E,124.0,2.68,0.88,255,255,255|T,123.6,2.67,0.88,255,255,255|I,122.4,2.66,0.88,255,255,255|C,122.4,2.66,0.88,255,255,255|K,122.2,2.65,0.87,255,255,255|I,119.5,2.62,0.86,255,255,255|N,120.3,2.63,0.87,255,255,255|E,118.0,2.60,0.86,255,255,255|T,117.3,2.59,0.85,255,255,255|I,114.3,2.55,0.84,255,255,255|C,108.4,2.48,0.81,255,255,255|K,104.3,2.43,0.79,255,255,255|I,92.1,2.28,0.74,255,255,255|N,72.8,2.03,0.65,255,255,255|E,71.6,2.02,0.65,255,255,255|T,71.6,2.02,0.65,255,255,255|I,75.4,2.07,0.66,255,255,255|C,15.8,1.32,0.40,255,255,255|K,0,1,0,0,0,0|I,0,1,0,0,0,0|N,0,1,0,0,0,0|E,0,1,0,0,0,0|T,0,1,0,0,0,0|I,0,1,0,0,0,0|C,-12.2,0.97,0.27,255,255,255|K,72.3,2.03,0.65,255,255,255|I,76.9,2.09,0.67,255,255,255|N,77.2,2.09,0.67,255,255,255|E,82.2,2.15,0.69,255,255,255|T,93.3,2.29,0.74,255,255,255|I,90.0,2.25,0.73,255,255,255|C,90.5,2.26,0.73,255,255,255|K,88.2,2.23,0.72,255,255,255|I,86.5,2.21,0.71,255,255,255|N,83.7,2.17,0.70,255,255,255|E,82.7,2.16,0.70,255,255,255|T,81.2,2.14,0.69,255,255,255|I,80.4,2.13,0.69,255,255,255|C,80.7,2.13,0.69,255,255,255|K,82.9,2.16,0.70,255,255,255|I,81.5,2.14,0.69,255,255,255|N,81.2,2.14,0.69,255,255,255|E,84.3,2.18,0.70,255,255,255|T,85.0,2.19,0.71,255,255,255|I,84.7,2.18,0.71,255,255,255|
C,80.6,2.13,0.69,255,255,255|K,80.9,2.14,0.69,255,255,255|I,82.6,2.16,0.70,255,255,255|N,82.4,2.16,0.70,255,255,255|E,82.3,2.15,0.70,255,255,255|T,83.7,2.17,0.70,255,255,255|I,83.9,2.17,0.70,255,255,255|C,83.9,2.17,0.70,255,255,255|K,87.1,2.21,0.72,255,255,255|I,89.6,2.24,0.73,255,255,255|N,92.3,2.28,0.74,255,255,255|E,95.2,2.32,0.75,255,255,255|T,94.6,2.31,0.75,255,255,255|I,99.7,2.37,0.77,255,255,255|C,68.4,1.98,0.63,255,255,255|K,-6.6,1.04,0.30,255,255,255|I,-27.2,0.78,0.20,255,255,255|N,-34.6,0.69,0.17,255,255,255|E,0,1,0,0,0,0|T,0,1,0,0,0,0|I,0,1,0,0,0,0|C,0,1,0,0,0,0|K,0,1,0,0,0,0|I,0,1,0,0,0,0|N,0,1,0,0,0,0|E,0,1,0,0,0,0|T,0,1,0,0,0,0|I,0,1,0,0,0,0|C,0,1,0,0,0,0|K,0,1,0,0,0,0|I,0,1,0,0,0,0|N,-9.7,1.00,0.28,255,255,255|E,41.7,1.65,0.51,255,255,255|T,61.5,1.89,0.60,255,255,255|I,67.2,1.96,0.63,255,255,255|C,69.3,1.99,0.64,255,255,255|K,68.1,1.98,0.63,255,255,255|I,69.4,1.99,0.64,255,255,255|N,66.6,1.96,0.62,255,255,255|E,79.9,2.12,0.68,255,255,255|T,90.6,2.26,0.73,255,255,255|I,98.9,2.36,0.77,255,255,255|C,111.0,2.51,0.82,255,255,255|K,117.9,2.60,0.86,255,255,255|I,121.1,2.64,0.87,255,255,255|N,122.4,2.66,0.88,255,255,255|E,125.2,2.69,0.89,255,255,255|T,126.8,2.71,0.90,255,255,255|I,124.7,2.68,0.89,255,255,255|C,122.3,2.65,0.88,255,255,255|K,119.7,2.62,0.86,255,255,255|I,117.3,2.59,0.85,255,255,255|N,118.9,2.61,0.86,255,255,255|E,122.3,2.65,0.88,255,255,255|T,128.0,2.72,0.90,255,255,255|I,131.4,2.77,0.92,255,255,255|C,130.3,2.75,0.91,255,255,255|K,130.2,2.75,0.91,255,255,255|I,130.2,2.75,0.91,255,255,255|N,128.0,2.72,0.90,255,255,255|E,123.5,2.67,0.88,255,255,255|T,120.2,2.63,0.87,255,255,255|I,115.1,2.56,0.84,255,255,255|C,110.8,2.51,0.82,255,255,255|K,109.2,2.49,0.82,255,255,255|I,105.1,2.44,0.80,255,255,255|N,99.1,2.36,0.77,255,255,255|E,88.1,2.23,0.72,255,255,255|T,71.5,2.02,0.65,255,255,255|I,69.4,1.99,0.64,255,255,255|C,74.0,2.05,0.66,255,255,255|K,50.1,1.75,0.55,255,255,255|I,-22.1,0.85,0.23,255,255,255|N,0,1,0,0,0,0|E,0,1,0,0,0,0|T,0,1,0,0,0,0|I,0,1,0,0,0,0|C,0,1,0,0,0,0|K,0,1,0,0,0,0|I,8.5,1.23,0.36,255,255,255|N,83.4,2.17,0.70,255,255,255|E,71.8,2.02,0.65,255,255,255|T,78.8,2.11,0.68,255,255,255|I,85.4,2.19,0.71,255,255,255|C,93.7,2.30,0.75,255,255,255|K,89.7,2.25,0.73,255,255,255|I,88.3,2.23,0.72,255,255,255|N,87.4,2.22,0.72,255,255,255|E,86.5,2.21,0.71,255,255,255|T,85.6,2.19,0.71,255,255,255|I,82.6,2.16,0.70,255,255,255|C,80.3,2.13,0.69,255,255,255|K,81.4,2.14,0.69,255,255,255|I,81.6,2.15,0.69,255,255,255|N,82.2,2.15,0.69,255,255,255|E,81.9,2.15,0.69,255,255,255|T,82.2,2.15,0.69,255,255,255|I,82.3,2.15,0.70,255,255,255|C,84.0,2.18,0.70,255,255,255|K,85.7,2.20,0.71,255,255,255|
I,81.2,2.14,0.69,255,255,255|N,79.2,2.12,0.68,255,255,255|E,81.5,2.14,0.69,255,255,255|T,81.5,2.14,0.69,255,255,255|I,82.3,2.15,0.70,255,255,255|C,82.1,2.15,0.69,255,255,255|K,83.6,2.17,0.70,255,255,255|I,84.0,2.17,0.70,255,255,255|N,86.4,2.20,0.71,255,255,255|E,90.0,2.25,0.73,255,255,255|T,90.9,2.26,0.73,255,255,255|I,93.2,2.29,0.74,255,255,255|C,94.1,2.30,0.75,255,255,255|K,97.5,2.34,0.76,255,255,255|I,81.9,2.15,0.69,255,255,255|N,50.6,1.76,0.55,255,255,255|E,18.7,1.36,0.41,255,255,255|T,0,1,0,0,0,0|I,0,1,0,0,0,0|C,0,1,0,0,0,0|K,0,1,0,0,0,0|I,0,1,0,0,0,0|N,0,1,0,0,0,0|E,0,1,0,0,0,0|T,0,1,0,0,0,0|I,0,1,0,0,0,0|C,0,1,0,0,0,0|K,0,1,0,0,0,0|I,0,1,0,0,0,0|N,0,1,0,0,0,0|E,0,1,0,0,0,0|T,-4.0,1.08,0.31,255,255,255|I,52.1,1.78,0.56,255,255,255|C,65.4,1.94,0.62,255,255,255|K,69.7,2.00,0.64,255,255,255|I,87.3,2.22,0.72,255,255,255|N,98.6,2.36,0.77,255,255,255|E,94.3,2.30,0.75,255,255,255|T,75.0,2.06,0.66,255,255,255|I,56.3,1.83,0.58,255,255,255|C,67.9,1.97,0.63,255,255,255|K,80.5,2.13,0.69,255,255,255|I,86.8,2.21,0.72,255,255,255|N,104.6,2.43,0.80,255,255,255|E,109.9,2.50,0.82,255,255,255|T,115.8,2.57,0.85,255,255,255|I,121.9,2.65,0.87,255,255,255|C,123.6,2.67,0.88,255,255,255|K,125.1,2.69,0.89,255,255,255|I,123.9,2.67,0.88,255,255,255|N,123.3,2.67,0.88,255,255,255|E,116.8,2.58,0.85,255,255,255|T,117.4,2.59,0.85,255,255,255|I,119.2,2.62,0.86,255,255,255|C,119.0,2.61,0.86,255,255,255|K,120.3,2.63,0.87,255,255,255|I,118.4,2.61,0.86,255,255,255|N,112.1,2.53,0.83,255,255,255|E,116.3,2.58,0.85,255,255,255|T,116.8,2.58,0.85,255,255,255|I,116.2,2.58,0.85,255,255,255|C,114.5,2.56,0.84,255,255,255|K,115.5,2.57,0.84,255,255,255|I,117.7,2.60,0.85,255,255,255|N,115.3,2.57,0.84,255,255,255|E,108.3,2.48,0.81,255,255,255|T,102.0,2.40,0.78,255,255,255|I,93.6,2.30,0.75,255,255,255|C,72.1,2.03,0.65,255,255,255|K,67.8,1.97,0.63,255,255,255|I,76.6,2.08,0.67,255,255,255|N,27.2,1.47,0.45,255,255,255|E,0,1,0,0,0,0|T,0,1,0,0,0,0|I,0,1,0,0,0,0|C,0,1,0,0,0,0|K,0,1,0,0,0,0|I,0,1,0,0,0,0|N,-18.7,0.89,0.24,255,255,255|E,74.1,2.05,0.66,255,255,255|T,75.6,2.07,0.67,255,255,255|I,76.3,2.08,0.67,255,255,255|C,79.0,2.11,0.68,255,255,255|K,86.3,2.20,0.71,255,255,255|I,96.7,2.33,0.76,255,255,255|N,90.7,2.26,0.73,255,255,255|E,88.5,2.23,0.72,255,255,255|T,85.7,2.20,0.71,255,255,255|I,83.1,2.16,0.70,255,255,255|C,82.8,2.16,0.70,255,255,255|K,83.0,2.16,0.70,255,255,255|I,83.0,2.16,0.70,255,255,255|N,81.7,2.15,0.69,255,255,255|E,82.5,2.16,0.70,255,255,255|T,83.1,2.16,0.70,255,255,255|I,82.1,2.15,0.69,255,255,255|C,81.2,2.14,0.69,255,255,255|K,83.3,2.17,0.70,255,255,255|I,85.0,2.19,0.71,255,255,255|N,82.6,2.16,0.70,255,255,255|
E,79.2,2.12,0.68,255,255,255|T,81.2,2.14,0.69,255,255,255|I,81.8,2.15,0.69,255,255,255|C,81.2,2.14,0.69,255,255,255|K,82.0,2.15,0.69,255,255,255|I,84.0,2.18,0.70,255,255,255|N,83.6,2.17,0.70,255,255,255|E,84.2,2.18,0.70,255,255,255|T,85.4,2.19,0.71,255,255,255|I,89.0,2.24,0.73,255,255,255|C,88.9,2.24,0.73,255,255,255|K,91.5,2.27,0.74,255,255,255|I,93.2,2.29,0.74,255,255,255|N,92.1,2.28,0.74,255,255,255|E,94.3,2.30,0.75,255,255,255|T,105.5,2.44,0.80,255,255,255|I,80.2,2.13,0.69,255,255,255|C,-21.1,0.86,0.23,255,255,255|K,0,1,0,0,0,0|I,0,1,0,0,0,0|N,0,1,0,0,0,0|E,0,1,0,0,0,0|T,0,1,0,0,0,0|I,0,1,0,0,0,0|C,0,1,0,0,0,0|K,0,1,0,0,0,0|I,0,1,0,0,0,0|N,0,1,0,0,0,0|E,0,1,0,0,0,0|T,0,1,0,0,0,0|I,-13.5,0.96,0.26,255,255,255|C,45.6,1.69,0.53,255,255,255|K,68.7,1.98,0.63,255,255,255|I,74.2,2.05,0.66,255,255,255|N,84.7,2.18,0.71,255,255,255|E,103.1,2.41,0.79,255,255,255|T,114.9,2.56,0.84,255,255,255|I,113.0,2.54,0.83,255,255,255|C,97.5,2.34,0.76,255,255,255|K,71.5,2.02,0.65,255,255,255|I,78.4,2.10,0.68,255,255,255|N,101.6,2.40,0.78,255,255,255|E,100.0,2.37,0.77,255,255,255|T,115.9,2.57,0.85,255,255,255|I,109.5,2.49,0.82,255,255,255|C,109.5,2.49,0.82,255,255,255|K,113.8,2.55,0.84,255,255,255|I,121.4,2.64,0.87,255,255,255|N,103.5,2.42,0.79,255,255,255|E,108.5,2.48,0.81,255,255,255|T,121.0,2.64,0.87,255,255,255|I,102.5,2.41,0.79,255,255,255|C,102.5,2.41,0.79,255,255,255|K,110.3,2.50,0.82,255,255,255|I,115.4,2.57,0.84,255,255,255|N,120.2,2.63,0.87,255,255,255|E,118.2,2.60,0.86,255,255,255|T,117.5,2.59,0.85,255,255,255|I,121.3,2.64,0.87,255,255,255|C,121.5,2.64,0.87,255,255,255|K,124.2,2.68,0.88,255,255,255|I,131.0,2.76,0.91,255,255,255|N,134.0,2.80,0.93,255,255,255|E,130.0,2.75,0.91,255,255,255|T,129.6,2.75,0.91,255,255,255|I,126.1,2.70,0.89,255,255,255|C,120.8,2.64,0.87,255,255,255|K,113.2,2.54,0.83,255,255,255|I,87.6,2.22,0.72,255,255,255|N,68.4,1.98,0.63,255,255,255|E,72.2,2.03,0.65,255,255,255|T,59.7,1.87,0.59,255,255,255|I,-31.3,0.73,0.18,255,255,255|C,0,1,0,0,0,0|K,0,1,0,0,0,0|I,0,1,0,0,0,0|N,0,1,0,0,0,0|E,0,1,0,0,0,0|T,31.5,1.52,0.47,255,255,255|I,87.0,2.21,0.72,255,255,255|C,74.0,2.05,0.66,255,255,255|K,77.4,2.09,0.67,255,255,255|I,84.2,2.18,0.70,255,255,255|N,95.6,2.32,0.76,255,255,255|E,95.8,2.32,0.76,255,255,255|T,92.5,2.28,0.74,255,255,255|I,90.8,2.26,0.73,255,255,255|C,86.7,2.21,0.72,255,255,255|K,83.4,2.17,0.70,255,255,255|I,82.6,2.16,0.70,255,255,255|N,82.3,2.15,0.70,255,255,255|E,83.1,2.16,0.70,255,255,255|T,80.9,2.14,0.69,255,255,255|I,84.0,2.18,0.70,255,255,255|C,82.8,2.16,0.70,255,255,255|K,81.3,2.14,0.69,255,255,255|I,81.9,2.15,0.69,255,255,255|N,83.0,2.16,0.70,255,255,255|E,84.2,2.18,0.70,255,255,255|T,83.2,2.17,0.70,255,255,255|
I,81.2,2.14,0.69,255,255,255|C,80.4,2.13,0.69,255,255,255|K,83.1,2.16,0.70,255,255,255|I,81.9,2.15,0.69,255,255,255|N,84.2,2.18,0.70,255,255,255|E,84.2,2.18,0.70,255,255,255|T,82.4,2.16,0.70,255,255,255|I,82.4,2.16,0.70,255,255,255|C,85.1,2.19,0.71,255,255,255|K,86.0,2.20,0.71,255,255,255|I,86.9,2.21,0.72,255,255,255|N,89.7,2.25,0.73,255,255,255|E,89.4,2.24,0.73,255,255,255|T,90.3,2.25,0.73,255,255,255|I,91.7,2.27,0.74,255,255,255|C,91.3,2.27,0.74,255,255,255|K,95.1,2.31,0.75,255,255,255|I,26.1,1.45,0.44,255,255,255|N,-36.7,0.67,0.16,255,255,255|E,0,1,0,0,0,0|T,0,1,0,0,0,0|I,0,1,0,0,0,0|C,0,1,0,0,0,0|K,0,1,0,0,0,0|I,0,1,0,0,0,0|N,0,1,0,0,0,0|E,0,1,0,0,0,0|T,0,1,0,0,0,0|I,0,1,0,0,0,0|C,-37.8,0.65,0.15,255,255,255|K,-21.9,0.85,0.23,255,255,255|I,-15.6,0.93,0.26,255,255,255|N,-3.3,1.08,0.31,255,255,255|E,1.4,1.14,0.33,255,255,255|T,-0.4,1.12,0.32,255,255,255|I,6.8,1.21,0.36,255,255,255|C,26.7,1.46,0.45,255,255,255|K,40.3,1.63,0.51,255,255,255|I,42.0,1.65,0.51,255,255,255|N,43.4,1.67,0.52,255,255,255|E,35.4,1.57,0.48,255,255,255|T,41.0,1.64,0.51,255,255,255|I,64.2,1.93,0.61,255,255,255|C,78.9,2.11,0.68,255,255,255|K,83.8,2.17,0.70,255,255,255|I,88.8,2.24,0.72,255,255,255|N,94.9,2.31,0.75,255,255,255|E,99.0,2.36,0.77,255,255,255|T,60.8,1.89,0.60,255,255,255|I,96.6,2.33,0.76,255,255,255|C,122.6,2.66,0.88,255,255,255|K,71.3,2.02,0.65,255,255,255|I,42.7,1.66,0.52,255,255,255|N,64.6,1.93,0.62,255,255,255|E,34.7,1.56,0.48,255,255,255|T,29.5,1.49,0.46,255,255,255|I,39.9,1.62,0.50,255,255,255|C,58.8,1.86,0.59,255,255,255|K,73.3,2.04,0.65,255,255,255|I,81.0,2.14,0.69,255,255,255|N,75.3,2.07,0.66,255,255,255|E,63.0,1.91,0.61,255,255,255|T,69.0,1.99,0.64,255,255,255|I,78.4,2.10,0.68,255,255,255|C,72.6,2.03,0.65,255,255,255|K,72.2,2.03,0.65,255,255,255|I,76.4,2.08,0.67,255,255,255|N,85.1,2.19,0.71,255,255,255|E,82.7,2.16,0.70,255,255,255|T,73.3,2.04,0.65,255,255,255|I,75.2,2.07,0.66,255,255,255|C,80.6,2.13,0.69,255,255,255|K,31.3,1.52,0.47,255,255,255|I,0,1,0,0,0,0|N,0,1,0,0,0,0|E,0,1,0,0,0,0|T,0,1,0,0,0,0|I,-29.5,0.76,0.19,255,255,255|C,72.7,2.03,0.65,255,255,255|K,73.4,2.04,0.66,255,255,255|I,75.8,2.07,0.67,255,255,255|N,78.2,2.10,0.68,255,255,255|E,87.1,2.21,0.72,255,255,255|T,98.4,2.36,0.77,255,255,255|I,95.0,2.31,0.75,255,255,255|C,93.9,2.30,0.75,255,255,255|K,91.9,2.27,0.74,255,255,255|I,86.5,2.21,0.71,255,255,255|N,84.5,2.18,0.71,255,255,255|E,82.6,2.16,0.70,255,255,255|T,82.6,2.16,0.70,255,255,255|I,81.1,2.14,0.69,255,255,255|C,81.3,2.14,0.69,255,255,255|K,80.5,2.13,0.69,255,255,255|I,81.3,2.14,0.69,255,255,255|N,80.4,2.13,0.69,255,255,255|E,81.4,2.14,0.69,255,255,255|T,82.7,2.16,0.70,255,255,255|I,83.3,2.17,0.70,255,255,255|C,83.0,2.16,0.70,255,255,255|
K,81.2,2.14,0.69,255,255,255|I,82.2,2.15,0.69,255,255,255|N,81.2,2.14,0.69,255,255,255|E,80.8,2.14,0.69,255,255,255|T,83.8,2.17,0.70,255,255,255|I,83.2,2.17,0.70,255,255,255|C,82.4,2.16,0.70,255,255,255|K,84.7,2.18,0.71,255,255,255|I,82.6,2.16,0.70,255,255,255|N,85.1,2.19,0.71,255,255,255|E,87.6,2.22,0.72,255,255,255|T,86.9,2.21,0.72,255,255,255|I,88.3,2.23,0.72,255,255,255|C,90.3,2.25,0.73,255,255,255|K,92.6,2.28,0.74,255,255,255|I,92.3,2.28,0.74,255,255,255|N,105.5,2.44,0.80,255,255,255|E,101.6,2.39,0.78,255,255,255|T,0.2,1.13,0.33,255,255,255|I,0,1,0,0,0,0|C,0,1,0,0,0,0|K,0,1,0,0,0,0|I,0,1,0,0,0,0|N,0,1,0,0,0,0|E,0,1,0,0,0,0|T,0,1,0,0,0,0|I,0,1,0,0,0,0|C,0,1,0,0,0,0|K,0,1,0,0,0,0|I,0,1,0,0,0,0|N,0,1,0,0,0,0|E,0,1,0,0,0,0|T,0,1,0,0,0,0|I,0,1,0,0,0,0|C,0,1,0,0,0,0|K,0,1,0,0,0,0|I,0,1,0,0,0,0|N,0,1,0,0,0,0|E,0,1,0,0,0,0|T,0,1,0,0,0,0|I,0,1,0,0,0,0|C,0,1,0,0,0,0|K,0,1,0,0,0,0|I,0,1,0,0,0,0|N,-37.5,0.66,0.16,255,255,255|E,-17.6,0.90,0.25,255,255,255|T,6.9,1.21,0.36,255,255,255|I,-13.2,0.96,0.27,255,255,255|C,-15.7,0.93,0.25,255,255,255|K,64.0,1.93,0.61,255,255,255|I,106.8,2.46,0.81,255,255,255|N,51.4,1.77,0.56,255,255,255|E,0,1,0,0,0,0|T,0,1,0,0,0,0|I,0,1,0,0,0,0|C,0,1,0,0,0,0|K,0,1,0,0,0,0|I,0,1,0,0,0,0|N,0,1,0,0,0,0|E,-38.0,0.65,0.15,255,255,255|T,-35.0,0.69,0.17,255,255,255|I,-38.7,0.64,0.15,255,255,255|C,0,1,0,0,0,0|K,0,1,0,0,0,0|I,-37.9,0.65,0.15,255,255,255|N,-36.1,0.67,0.16,255,255,255|E,-35.1,0.69,0.17,255,255,255|T,-30.5,0.74,0.19,255,255,255|I,-9.6,1.00,0.28,255,255,255|C,1.6,1.14,0.33,255,255,255|K,40.9,1.64,0.51,255,255,255|I,73.1,2.04,0.65,255,255,255|N,79.3,2.12,0.68,255,255,255|E,40.4,1.63,0.51,255,255,255|T,0,1,0,0,0,0|I,0,1,0,0,0,0|C,0,1,0,0,0,0|K,24.2,1.43,0.43,255,255,255|I,84.7,2.18,0.71,255,255,255|N,72.5,2.03,0.65,255,255,255|E,77.0,2.09,0.67,255,255,255|T,78.9,2.11,0.68,255,255,255|I,88.6,2.23,0.72,255,255,255|C,99.3,2.37,0.77,255,255,255|K,94.4,2.30,0.75,255,255,255|I,91.8,2.27,0.74,255,255,255|N,89.0,2.24,0.73,255,255,255|E,86.2,2.20,0.71,255,255,255|T,84.1,2.18,0.70,255,255,255|I,83.1,2.16,0.70,255,255,255|C,82.3,2.15,0.70,255,255,255|K,81.6,2.15,0.69,255,255,255|I,82.1,2.15,0.69,255,255,255|N,81.3,2.14,0.69,255,255,255|E,81.9,2.15,0.69,255,255,255|T,81.5,2.14,0.69,255,255,255|I,81.0,2.14,0.69,255,255,255|C,82.2,2.15,0.69,255,255,255|K,82.3,2.15,0.70,255,255,255|I,83.2,2.17,0.70,255,255,255|
N,80.3,2.13,0.69,255,255,255|E,81.2,2.14,0.69,255,255,255|T,82.6,2.16,0.70,255,255,255|I,82.9,2.16,0.70,255,255,255|C,82.3,2.15,0.70,255,255,255|K,82.0,2.15,0.69,255,255,255|I,84.2,2.18,0.70,255,255,255|N,83.3,2.17,0.70,255,255,255|E,85.8,2.20,0.71,255,255,255|T,87.9,2.22,0.72,255,255,255|I,88.2,2.23,0.72,255,255,255|C,89.3,2.24,0.73,255,255,255|K,89.2,2.24,0.73,255,255,255|I,91.7,2.27,0.74,255,255,255|N,92.9,2.29,0.74,255,255,255|E,98.0,2.35,0.77,255,255,255|T,45.8,1.70,0.53,255,255,255|I,-7.8,1.03,0.29,255,255,255|C,-31.0,0.74,0.19,255,255,255|K,0,1,0,0,0,0|I,0,1,0,0,0,0|N,0,1,0,0,0,0|E,0,1,0,0,0,0|T,0,1,0,0,0,0|I,0,1,0,0,0,0|C,0,1,0,0,0,0|K,0,1,0,0,0,0|I,0,1,0,0,0,0|N,0,1,0,0,0,0|E,0,1,0,0,0,0|T,0,1,0,0,0,0|I,0,1,0,0,0,0|C,0,1,0,0,0,0|K,0,1,0,0,0,0|I,0,1,0,0,0,0|N,0,1,0,0,0,0|E,0,1,0,0,0,0|T,0,1,0,0,0,0|I,0,1,0,0,0,0|C,0,1,0,0,0,0|K,0,1,0,0,0,0|I,0,1,0,0,0,0|N,0,1,0,0,0,0|E,0,1,0,0,0,0|T,0,1,0,0,0,0|I,0,1,0,0,0,0|C,0,1,0,0,0,0|K,0,1,0,0,0,0|I,17.8,1.35,0.41,255,255,255|N,77.1,2.09,0.67,255,255,255|E,98.4,2.35,0.77,255,255,255|T,96.1,2.33,0.76,255,255,255|I,25.1,1.44,0.44,255,255,255|C,0,1,0,0,0,0|K,0,1,0,0,0,0|I,0,1,0,0,0,0|N,0,1,0,0,0,0|E,0,1,0,0,0,0|T,0,1,0,0,0,0|I,0,1,0,0,0,0|C,0,1,0,0,0,0|K,0,1,0,0,0,0|I,0,1,0,0,0,0|N,0,1,0,0,0,0|E,0,1,0,0,0,0|T,0,1,0,0,0,0|I,0,1,0,0,0,0|C,-34.4,0.70,0.17,255,255,255|K,-14.8,0.94,0.26,255,255,255|I,-31.7,0.73,0.18,255,255,255|N,-35.8,0.68,0.16,255,255,255|E,32.5,1.53,0.47,255,255,255|T,70.6,2.01,0.64,255,255,255|I,76.7,2.08,0.67,255,255,255|C,-34.4,0.69,0.17,255,255,255|K,0,1,0,0,0,0|I,-38.8,0.64,0.15,255,255,255|N,62.7,1.91,0.61,255,255,255|E,72.4,2.03,0.65,255,255,255|T,76.4,2.08,0.67,255,255,255|I,75.4,2.07,0.66,255,255,255|C,76.6,2.08,0.67,255,255,255|K,85.1,2.19,0.71,255,255,255|I,97.7,2.35,0.76,255,255,255|N,94.1,2.30,0.75,255,255,255|E,91.3,2.27,0.74,255,255,255|T,88.5,2.23,0.72,255,255,255|I,86.0,2.20,0.71,255,255,255|C,85.2,2.19,0.71,255,255,255|K,83.1,2.16,0.70,255,255,255|I,82.9,2.16,0.70,255,255,255|N,82.3,2.15,0.70,255,255,255|E,81.1,2.14,0.69,255,255,255|T,81.1,2.14,0.69,255,255,255|I,82.2,2.15,0.69,255,255,255|C,82.0,2.15,0.69,255,255,255|K,82.6,2.16,0.70,255,255,255|I,81.8,2.15,0.69,255,255,255|N,84.1,2.18,0.70,255,255,255|E,84.2,2.18,0.70,255,255,255|
T,82.1,2.15,0.69,255,255,255|I,81.2,2.14,0.69,255,255,255|C,82.1,2.15,0.69,255,255,255|K,83.1,2.16,0.70,255,255,255|I,83.1,2.16,0.70,255,255,255|N,83.7,2.17,0.70,255,255,255|E,84.2,2.18,0.70,255,255,255|T,84.1,2.18,0.70,255,255,255|I,87.2,2.22,0.72,255,255,255|C,90.6,2.26,0.73,255,255,255|K,89.3,2.24,0.73,255,255,255|I,91.1,2.26,0.73,255,255,255|N,92.3,2.28,0.74,255,255,255|E,91.4,2.27,0.74,255,255,255|T,103.4,2.42,0.79,255,255,255|I,54.6,1.81,0.57,255,255,255|C,0,1,0,0,0,0|K,0,1,0,0,0,0|I,0,1,0,0,0,0|N,0,1,0,0,0,0|E,0,1,0,0,0,0|T,0,1,0,0,0,0|I,0,1,0,0,0,0|C,0,1,0,0,0,0|K,0,1,0,0,0,0|I,0,1,0,0,0,0|N,0,1,0,0,0,0|E,0,1,0,0,0,0|T,0,1,0,0,0,0|I,0,1,0,0,0,0|C,0,1,0,0,0,0|K,0,1,0,0,0,0|I,0,1,0,0,0,0|N,0,1,0,0,0,0|E,0,1,0,0,0,0|T,0,1,0,0,0,0|I,0,1,0,0,0,0|C,0,1,0,0,0,0|K,0,1,0,0,0,0|I,0,1,0,0,0,0|N,0,1,0,0,0,0|E,0,1,0,0,0,0|T,0,1,0,0,0,0|I,0,1,0,0,0,0|C,0,1,0,0,0,0|K,0,1,0,0,0,0|I,0,1,0,0,0,0|N,12.5,1.28,0.38,255,255,255|E,123.6,2.67,0.88,255,255,255|T,126.2,2.70,0.89,255,255,255|I,126.3,2.70,0.89,255,255,255|C,127.8,2.72,0.90,255,255,255|K,136.3,2.83,0.94,255,255,255|I,-8.3,1.02,0.29,255,255,255|N,0,1,0,0,0,0|E,0,1,0,0,0,0|T,0,1,0,0,0,0|I,0,1,0,0,0,0|C,0,1,0,0,0,0|K,0,1,0,0,0,0|I,0,1,0,0,0,0|N,0,1,0,0,0,0|E,-26.8,0.79,0.20,255,255,255|T,-18.0,0.90,0.24,255,255,255|I,-13.7,0.95,0.26,255,255,255|C,-21.8,0.85,0.23,255,255,255|K,0,1,0,0,0,0|I,0,1,0,0,0,0|N,0,1,0,0,0,0|E,-33.7,0.70,0.17,255,255,255|T,-36.2,0.67,0.16,255,255,255|I,23.1,1.41,0.43,255,255,255|C,70.7,2.01,0.64,255,255,255|K,75.3,2.07,0.66,255,255,255|I,-23.2,0.83,0.22,255,255,255|N,0,1,0,0,0,0|E,-3.4,1.08,0.31,255,255,255|T,127.9,2.72,0.90,255,255,255|I,111.9,2.52,0.83,255,255,255|C,45.0,1.69,0.53,255,255,255|K,70.6,2.01,0.64,255,255,255|I,75.0,2.06,0.66,255,255,255|N,76.0,2.08,0.67,255,255,255|E,95.4,2.32,0.75,255,255,255|T,95.1,2.31,0.75,255,255,255|I,91.8,2.27,0.74,255,255,255|C,89.3,2.24,0.73,255,255,255|K,87.0,2.21,0.72,255,255,255|I,85.5,2.19,0.71,255,255,255|N,84.8,2.18,0.71,255,255,255|E,83.4,2.17,0.70,255,255,255|T,82.8,2.16,0.70,255,255,255|I,82.0,2.15,0.69,255,255,255|C,82.7,2.16,0.70,255,255,255|K,83.4,2.17,0.70,255,255,255|I,83.7,2.17,0.70,255,255,255|N,81.8,2.15,0.69,255,255,255|E,84.0,2.17,0.70,255,255,255|T,84.2,2.18,0.70,255,255,255|I,83.1,2.16,0.70,255,255,255|
C,81.8,2.15,0.69,255,255,255|K,82.6,2.16,0.70,255,255,255|I,82.3,2.15,0.70,255,255,255|N,83.2,2.17,0.70,255,255,255|E,85.3,2.19,0.71,255,255,255|T,85.0,2.19,0.71,255,255,255|I,85.1,2.19,0.71,255,255,255|C,85.8,2.20,0.71,255,255,255|K,88.9,2.24,0.73,255,255,255|I,90.2,2.25,0.73,255,255,255|N,94.6,2.31,0.75,255,255,255|E,95.3,2.32,0.75,255,255,255|T,92.8,2.28,0.74,255,255,255|I,92.6,2.28,0.74,255,255,255|C,101.9,2.40,0.78,255,255,255|K,21.7,1.40,0.42,255,255,255|I,0,1,0,0,0,0|N,0,1,0,0,0,0|E,0,1,0,0,0,0|T,0,1,0,0,0,0|I,0,1,0,0,0,0|C,0,1,0,0,0,0|K,0,1,0,0,0,0|I,0,1,0,0,0,0|N,0,1,0,0,0,0|E,0,1,0,0,0,0|T,0,1,0,0,0,0|I,0,1,0,0,0,0|C,0,1,0,0,0,0|K,0,1,0,0,0,0|I,0,1,0,0,0,0|N,0,1,0,0,0,0|E,0,1,0,0,0,0|T,0,1,0,0,0,0|I,0,1,0,0,0,0|C,0,1,0,0,0,0|K,0,1,0,0,0,0|I,0,1,0,0,0,0|N,0,1,0,0,0,0|E,-31.6,0.73,0.18,255,255,255|T,0,1,0,0,0,0|I,0,1,0,0,0,0|C,0,1,0,0,0,0|K,0,1,0,0,0,0|I,0,1,0,0,0,0|N,0,1,0,0,0,0|E,0,1,0,0,0,0|T,36.2,1.58,0.49,255,255,255|I,126.6,2.71,0.89,255,255,255|C,124.9,2.69,0.89,255,255,255|K,127.1,2.71,0.90,255,255,255|I,126.2,2.70,0.89,255,255,255|N,132.3,2.78,0.92,255,255,255|E,4.4,1.18,0.34,255,255,255|T,0,1,0,0,0,0|I,0,1,0,0,0,0|C,0,1,0,0,0,0|K,0,1,0,0,0,0|I,0,1,0,0,0,0|N,0,1,0,0,0,0|E,0,1,0,0,0,0|T,0,1,0,0,0,0|I,0,1,0,0,0,0|C,0,1,0,0,0,0|K,0,1,0,0,0,0|I,-36.6,0.67,0.16,255,255,255|N,-25.4,0.81,0.21,255,255,255|E,-37.2,0.66,0.16,255,255,255|T,0,1,0,0,0,0|I,-34.9,0.69,0.17,255,255,255|C,-0.0,1.12,0.32,255,255,255|K,40.1,1.63,0.51,255,255,255|I,68.4,1.98,0.63,255,255,255|N,79.3,2.12,0.68,255,255,255|E,8.1,1.23,0.36,255,255,255|T,0,1,0,0,0,0|I,9.7,1.25,0.37,255,255,255|C,76.6,2.08,0.67,255,255,255|K,-24.6,0.82,0.21,255,255,255|I,-16.5,0.92,0.25,255,255,255|N,78.9,2.11,0.68,255,255,255|E,73.5,2.04,0.66,255,255,255|T,75.9,2.07,0.67,255,255,255|I,87.4,2.22,0.72,255,255,255|C,95.5,2.32,0.75,255,255,255|K,92.3,2.28,0.74,255,255,255|I,91.3,2.27,0.74,255,255,255|N,87.3,2.22,0.72,255,255,255|E,85.2,2.19,0.71,255,255,255|T,86.0,2.20,0.71,255,255,255|I,82.4,2.16,0.70,255,255,255|C,82.6,2.16,0.70,255,255,255|K,83.8,2.17,0.70,255,255,255|I,83.9,2.17,0.70,255,255,255|N,84.1,2.18,0.70,255,255,255|E,83.1,2.16,0.70,255,255,255|T,83.4,2.17,0.70,255,255,255|I,83.2,2.17,0.70,255,255,255|C,84.5,2.18,0.71,255,255,255|K,84.5,2.18,0.71,255,255,255|
I,83.1,2.16,0.70,255,255,255|N,83.1,2.16,0.70,255,255,255|E,83.0,2.16,0.70,255,255,255|T,84.5,2.18,0.71,255,255,255|I,83.7,2.17,0.70,255,255,255|C,83.2,2.17,0.70,255,255,255|K,84.0,2.18,0.70,255,255,255|I,84.8,2.18,0.71,255,255,255|N,87.5,2.22,0.72,255,255,255|E,92.6,2.28,0.74,255,255,255|T,92.7,2.28,0.74,255,255,255|I,94.8,2.31,0.75,255,255,255|C,94.5,2.31,0.75,255,255,255|K,94.9,2.31,0.75,255,255,255|I,90.8,2.26,0.73,255,255,255|N,11.7,1.27,0.38,255,255,255|E,0,1,0,0,0,0|T,0,1,0,0,0,0|I,0,1,0,0,0,0|C,0,1,0,0,0,0|K,0,1,0,0,0,0|I,0,1,0,0,0,0|N,0,1,0,0,0,0|E,0,1,0,0,0,0|T,0,1,0,0,0,0|I,0,1,0,0,0,0|C,0,1,0,0,0,0|K,0,1,0,0,0,0|I,0,1,0,0,0,0|N,0,1,0,0,0,0|E,0,1,0,0,0,0|T,0,1,0,0,0,0|I,0,1,0,0,0,0|C,0,1,0,0,0,0|K,0,1,0,0,0,0|I,0,1,0,0,0,0|N,-32.4,0.72,0.18,255,255,255|E,-11.1,0.99,0.27,255,255,255|T,2.1,1.15,0.33,255,255,255|I,11.5,1.27,0.38,255,255,255|C,-2.5,1.09,0.31,255,255,255|K,-1.0,1.11,0.32,255,255,255|I,-6.8,1.04,0.29,255,255,255|N,-35.3,0.68,0.17,255,255,255|E,0,1,0,0,0,0|T,0,1,0,0,0,0|I,0,1,0,0,0,0|C,44.4,1.68,0.52,255,255,255|K,123.8,2.67,0.88,255,255,255|I,126.0,2.70,0.89,255,255,255|N,127.7,2.72,0.90,255,255,255|E,128.3,2.73,0.90,255,255,255|T,129.2,2.74,0.91,255,255,255|I,78.2,2.10,0.68,255,255,255|C,53.8,1.80,0.57,255,255,255|K,19.8,1.37,0.41,255,255,255|I,-33.6,0.70,0.17,255,255,255|N,-36.5,0.67,0.16,255,255,255|E,-24.7,0.82,0.21,255,255,255|T,-4.8,1.07,0.30,255,255,255|I,-16.5,0.92,0.25,255,255,255|C,-25.7,0.80,0.21,255,255,255|K,-31.7,0.73,0.18,255,255,255|I,-2.9,1.09,0.31,255,255,255|N,-29.4,0.76,0.19,255,255,255|E,0,1,0,0,0,0|T,0,1,0,0,0,0|I,0,1,0,0,0,0|C,0,1,0,0,0,0|K,4.7,1.18,0.35,255,255,255|I,66.8,1.96,0.63,255,255,255|N,69.8,2.00,0.64,255,255,255|E,67.8,1.97,0.63,255,255,255|T,78.0,2.10,0.68,255,255,255|I,35.5,1.57,0.48,255,255,255|C,-29.8,0.75,0.19,255,255,255|K,1.1,1.14,0.33,255,255,255|I,0,1,0,0,0,0|N,0,1,0,0,0,0|E,-3.0,1.09,0.31,255,255,255|T,80.9,2.14,0.69,255,255,255|I,74.7,2.06,0.66,255,255,255|C,79.0,2.11,0.68,255,255,255|K,83.3,2.17,0.70,255,255,255|I,95.4,2.32,0.75,255,255,255|N,91.7,2.27,0.74,255,255,255|E,88.5,2.23,0.72,255,255,255|T,86.4,2.20,0.71,255,255,255|I,85.5,2.19,0.71,255,255,255|C,85.2,2.19,0.71,255,255,255|K,83.8,2.17,0.70,255,255,255|I,83.4,2.17,0.70,255,255,255|N,84.2,2.18,0.70,255,255,255|E,84.2,2.18,0.70,255,255,255|T,82.3,2.15,0.70,255,255,255|I,81.9,2.15,0.69,255,255,255|C,82.6,2.16,0.70,255,255,255|K,83.7,2.17,0.70,255,255,255|I,85.1,2.19,0.71,255,255,255|N,86.2,2.20,0.71,255,255,255|
E,83.1,2.16,0.70,255,255,255|T,82.8,2.16,0.70,255,255,255|I,82.6,2.16,0.70,255,255,255|C,83.6,2.17,0.70,255,255,255|K,84.4,2.18,0.70,255,255,255|I,85.8,2.20,0.71,255,255,255|N,84.5,2.18,0.71,255,255,255|E,84.6,2.18,0.71,255,255,255|T,87.3,2.22,0.72,255,255,255|I,89.6,2.24,0.73,255,255,255|C,91.6,2.27,0.74,255,255,255|K,95.2,2.32,0.75,255,255,255|I,94.8,2.31,0.75,255,255,255|N,93.2,2.29,0.74,255,255,255|E,95.0,2.31,0.75,255,255,255|T,18.0,1.35,0.41,255,255,255|I,0,1,0,0,0,0|C,0,1,0,0,0,0|K,0,1,0,0,0,0|I,0,1,0,0,0,0|N,0,1,0,0,0,0|E,0,1,0,0,0,0|T,0,1,0,0,0,0|I,0,1,0,0,0,0|C,0,1,0,0,0,0|K,0,1,0,0,0,0|I,0,1,0,0,0,0|N,0,1,0,0,0,0|E,0,1,0,0,0,0|T,0,1,0,0,0,0|I,0,1,0,0,0,0|C,0,1,0,0,0,0|K,0,1,0,0,0,0|I,0,1,0,0,0,0|N,-37.0,0.66,0.16,255,255,255|E,-26.2,0.80,0.21,255,255,255|T,-16.7,0.92,0.25,255,255,255|I,-12.7,0.97,0.27,255,255,255|C,-0.6,1.12,0.32,255,255,255|K,9.3,1.24,0.37,255,255,255|I,34.0,1.55,0.48,255,255,255|N,55.0,1.81,0.57,255,255,255|E,22.6,1.41,0.43,255,255,255|T,-9.1,1.01,0.28,255,255,255|I,-18.8,0.89,0.24,255,255,255|C,-37.1,0.66,0.16,255,255,255|K,0,1,0,0,0,0|I,-14.4,0.95,0.26,255,255,255|N,94.2,2.30,0.75,255,255,255|E,127.2,2.71,0.90,255,255,255|T,126.1,2.70,0.89,255,255,255|I,128.8,2.74,0.90,255,255,255|C,125.3,2.69,0.89,255,255,255|K,106.0,2.45,0.80,255,255,255|I,100.0,2.37,0.77,255,255,255|N,83.2,2.16,0.70,255,255,255|E,17.3,1.34,0.40,255,255,255|T,-21.5,0.86,0.23,255,255,255|I,-18.3,0.90,0.24,255,255,255|C,5.0,1.19,0.35,255,255,255|K,29.7,1.50,0.46,255,255,255|I,37.4,1.59,0.49,255,255,255|N,36.1,1.58,0.49,255,255,255|E,35.0,1.56,0.48,255,255,255|T,16.7,1.33,0.40,255,255,255|I,21.3,1.39,0.42,255,255,255|C,41.4,1.64,0.51,255,255,255|K,44.4,1.68,0.52,255,255,255|I,37.8,1.60,0.49,255,255,255|N,61.1,1.89,0.60,255,255,255|E,71.4,2.02,0.65,255,255,255|T,79.0,2.11,0.68,255,255,255|I,70.3,2.00,0.64,255,255,255|C,69.8,2.00,0.64,255,255,255|K,63.7,1.92,0.61,255,255,255|I,-36.6,0.67,0.16,255,255,255|N,-15.0,0.94,0.26,255,255,255|E,-21.0,0.86,0.23,255,255,255|T,-31.5,0.73,0.18,255,255,255|I,5.8,1.20,0.35,255,255,255|C,75.9,2.07,0.67,255,255,255|K,76.3,2.08,0.67,255,255,255|I,77.5,2.09,0.67,255,255,255|N,83.5,2.17,0.70,255,255,255|E,95.7,2.32,0.76,255,255,255|T,92.5,2.28,0.74,255,255,255|I,88.6,2.23,0.72,255,255,255|C,87.6,2.22,0.72,255,255,255|K,86.7,2.21,0.72,255,255,255|I,83.9,2.17,0.70,255,255,255|N,84.2,2.18,0.70,255,255,255|E,82.4,2.16,0.70,255,255,255|T,83.5,2.17,0.70,255,255,255|I,84.2,2.18,0.70,255,255,255|C,82.4,2.16,0.70,255,255,255|K,84.5,2.18,0.71,255,255,255|I,83.2,2.17,0.70,255,255,255|N,86.4,2.20,0.71,255,255,255|E,85.6,2.20,0.71,255,255,255|T,84.0,2.18,0.70,255,255,255|
I,81.1,2.14,0.69,255,255,255|C,81.1,2.14,0.69,255,255,255|K,82.2,2.15,0.69,255,255,255|I,82.9,2.16,0.70,255,255,255|N,81.6,2.15,0.69,255,255,255|E,83.5,2.17,0.70,255,255,255|T,85.8,2.20,0.71,255,255,255|I,85.1,2.19,0.71,255,255,255|C,86.1,2.20,0.71,255,255,255|K,89.0,2.24,0.73,255,255,255|I,90.5,2.26,0.73,255,255,255|N,94.3,2.30,0.75,255,255,255|E,94.3,2.30,0.75,255,255,255|T,91.8,2.27,0.74,255,255,255|I,98.2,2.35,0.77,255,255,255|C,78.8,2.11,0.68,255,255,255|K,0,1,0,0,0,0|I,0,1,0,0,0,0|N,0,1,0,0,0,0|E,0,1,0,0,0,0|T,0,1,0,0,0,0|I,0,1,0,0,0,0|C,0,1,0,0,0,0|K,0,1,0,0,0,0|I,0,1,0,0,0,0|N,0,1,0,0,0,0|E,0,1,0,0,0,0|T,0,1,0,0,0,0|I,-15.8,0.93,0.25,255,255,255|C,-4.3,1.07,0.31,255,255,255|K,-22.1,0.85,0.23,255,255,255|I,-8.3,1.02,0.29,255,255,255|N,-1.3,1.11,0.32,255,255,255|E,15.1,1.31,0.39,255,255,255|T,39.9,1.62,0.50,255,255,255|I,55.0,1.81,0.57,255,255,255|C,58.0,1.85,0.59,255,255,255|K,63.7,1.92,0.61,255,255,255|I,71.5,2.02,0.65,255,255,255|N,75.1,2.06,0.66,255,255,255|E,71.5,2.02,0.65,255,255,255|T,68.5,1.98,0.63,255,255,255|I,63.2,1.92,0.61,255,255,255|C,26.6,1.46,0.44,255,255,255|K,-3.5,1.08,0.31,255,255,255|I,-34.1,0.70,0.17,255,255,255|N,0,1,0,0,0,0|E,0,1,0,0,0,0|T,22.0,1.40,0.42,255,255,255|I,113.4,2.54,0.84,255,255,255|C,126.3,2.70,0.89,255,255,255|K,129.2,2.74,0.91,255,255,255|I,115.3,2.57,0.84,255,255,255|N,102.2,2.40,0.79,255,255,255|E,122.7,2.66,0.88,255,255,255|T,117.6,2.59,0.85,255,255,255|I,97.8,2.35,0.77,255,255,255|C,58.9,1.86,0.59,255,255,255|K,32.6,1.53,0.47,255,255,255|I,25.1,1.44,0.44,255,255,255|N,13.4,1.29,0.39,255,255,255|E,22.4,1.41,0.43,255,255,255|T,29.0,1.49,0.46,255,255,255|I,34.5,1.56,0.48,255,255,255|C,66.5,1.96,0.62,255,255,255|K,76.2,2.08,0.67,255,255,255|I,71.9,2.02,0.65,255,255,255|N,79.0,2.11,0.68,255,255,255|E,85.7,2.20,0.71,255,255,255|T,84.6,2.18,0.71,255,255,255|I,96.5,2.33,0.76,255,255,255|C,104.8,2.43,0.80,255,255,255|K,79.9,2.12,0.68,255,255,255|I,69.6,2.00,0.64,255,255,255|N,64.8,1.93,0.62,255,255,255|E,-12.2,0.97,0.27,255,255,255|T,70.2,2.00,0.64,255,255,255|I,53.2,1.79,0.56,255,255,255|C,8.9,1.24,0.37,255,255,255|K,46.8,1.71,0.54,255,255,255|I,77.8,2.10,0.68,255,255,255|N,75.9,2.07,0.67,255,255,255|E,78.2,2.10,0.68,255,255,255|T,85.0,2.19,0.71,255,255,255|I,95.1,2.31,0.75,255,255,255|C,91.4,2.27,0.74,255,255,255|K,88.5,2.23,0.72,255,255,255|I,87.5,2.22,0.72,255,255,255|N,87.0,2.21,0.72,255,255,255|E,86.2,2.20,0.71,255,255,255|T,83.7,2.17,0.70,255,255,255|I,83.5,2.17,0.70,255,255,255|C,83.5,2.17,0.70,255,255,255|K,83.1,2.16,0.70,255,255,255|I,83.3,2.17,0.70,255,255,255|N,82.3,2.15,0.70,255,255,255|E,84.0,2.18,0.70,255,255,255|T,84.8,2.19,0.71,255,255,255|I,83.3,2.17,0.70,255,255,255|C,83.3,2.17,0.70,255,255,255|
K,81.2,2.14,0.69,255,255,255|I,80.2,2.13,0.69,255,255,255|N,81.2,2.14,0.69,255,255,255|E,81.9,2.15,0.69,255,255,255|T,81.4,2.14,0.69,255,255,255|I,80.3,2.13,0.69,255,255,255|C,83.4,2.17,0.70,255,255,255|K,83.1,2.16,0.70,255,255,255|I,82.5,2.16,0.70,255,255,255|N,85.4,2.19,0.71,255,255,255|E,86.8,2.21,0.72,255,255,255|T,90.4,2.26,0.73,255,255,255|I,93.5,2.29,0.75,255,255,255|C,93.3,2.29,0.74,255,255,255|K,90.9,2.26,0.73,255,255,255|I,107.4,2.47,0.81,255,255,255|N,45.0,1.69,0.53,255,255,255|E,0,1,0,0,0,0|T,0,1,0,0,0,0|I,0,1,0,0,0,0|C,0,1,0,0,0,0|K,0,1,0,0,0,0|I,0,1,0,0,0,0|N,0,1,0,0,0,0|E,0,1,0,0,0,0|T,0,1,0,0,0,0|I,0,1,0,0,0,0|C,-31.4,0.73,0.18,255,255,255|K,17.2,1.34,0.40,255,255,255|I,49.6,1.74,0.55,255,255,255|N,56.5,1.83,0.58,255,255,255|E,68.1,1.98,0.63,255,255,255|T,70.4,2.00,0.64,255,255,255|I,67.9,1.97,0.63,255,255,255|C,64.1,1.93,0.61,255,255,255|K,63.0,1.91,0.61,255,255,255|I,64.8,1.93,0.62,255,255,255|N,66.7,1.96,0.62,255,255,255|E,66.6,1.96,0.62,255,255,255|T,63.6,1.92,0.61,255,255,255|I,68.0,1.98,0.63,255,255,255|C,67.3,1.97,0.63,255,255,255|K,42.1,1.65,0.51,255,255,255|I,-15.7,0.93,0.25,255,255,255|N,-28.0,0.78,0.20,255,255,255|E,0,1,0,0,0,0|T,0,1,0,0,0,0|I,-1.4,1.11,0.32,255,255,255|C,48.7,1.73,0.54,255,255,255|K,89.6,2.24,0.73,255,255,255|I,125.5,2.69,0.89,255,255,255|N,128.9,2.74,0.91,255,255,255|E,123.4,2.67,0.88,255,255,255|T,102.9,2.41,0.79,255,255,255|I,105.7,2.45,0.80,255,255,255|C,109.7,2.50,0.82,255,255,255|K,112.8,2.54,0.83,255,255,255|I,127.0,2.71,0.90,255,255,255|N,120.1,2.63,0.87,255,255,255|E,103.1,2.41,0.79,255,255,255|T,85.3,2.19,0.71,255,255,255|I,72.1,2.03,0.65,255,255,255|C,64.3,1.93,0.61,255,255,255|K,63.4,1.92,0.61,255,255,255|I,75.7,2.07,0.67,255,255,255|N,86.4,2.21,0.71,255,255,255|E,99.4,2.37,0.77,255,255,255|T,105.3,2.44,0.80,255,255,255|I,119.8,2.62,0.86,255,255,255|C,120.4,2.63,0.87,255,255,255|K,112.9,2.54,0.83,255,255,255|I,105.6,2.45,0.80,255,255,255|N,79.2,2.11,0.68,255,255,255|E,70.5,2.01,0.64,255,255,255|T,59.6,1.87,0.59,255,255,255|I,-28.5,0.77,0.20,255,255,255|C,53.5,1.79,0.57,255,255,255|K,76.7,2.08,0.67,255,255,255|I,52.6,1.78,0.56,255,255,255|N,72.8,2.03,0.65,255,255,255|E,75.1,2.06,0.66,255,255,255|T,76.6,2.08,0.67,255,255,255|I,78.1,2.10,0.68,255,255,255|C,83.5,2.17,0.70,255,255,255|K,95.0,2.31,0.75,255,255,255|I,92.3,2.28,0.74,255,255,255|N,88.9,2.24,0.73,255,255,255|E,87.8,2.22,0.72,255,255,255|T,84.7,2.18,0.71,255,255,255|I,85.7,2.20,0.71,255,255,255|C,83.4,2.17,0.70,255,255,255|K,84.0,2.18,0.70,255,255,255|I,84.3,2.18,0.70,255,255,255|N,80.7,2.13,0.69,255,255,255|E,81.8,2.15,0.69,255,255,255|T,82.3,2.15,0.70,255,255,255|I,82.3,2.15,0.70,255,255,255|C,84.1,2.18,0.70,255,255,255|K,82.3,2.15,0.70,255,255,255|I,84.2,2.18,0.70,255,255,255|
N,80.5,2.13,0.69,255,255,255|E,81.7,2.15,0.69,255,255,255|T,81.9,2.15,0.69,255,255,255|I,82.9,2.16,0.70,255,255,255|C,79.9,2.12,0.68,255,255,255|K,81.3,2.14,0.69,255,255,255|I,82.6,2.16,0.70,255,255,255|N,82.3,2.15,0.70,255,255,255|E,82.1,2.15,0.69,255,255,255|T,84.8,2.19,0.71,255,255,255|I,90.4,2.26,0.73,255,255,255|C,93.2,2.29,0.74,255,255,255|K,93.0,2.29,0.74,255,255,255|I,94.5,2.31,0.75,255,255,255|N,94.1,2.30,0.75,255,255,255|E,94.1,2.30,0.75,255,255,255|T,104.3,2.43,0.79,255,255,255|I,-14.3,0.95,0.26,255,255,255|C,0,1,0,0,0,0|K,0,1,0,0,0,0|I,0,1,0,0,0,0|N,0,1,0,0,0,0|E,0,1,0,0,0,0|T,0,1,0,0,0,0|I,0,1,0,0,0,0|C,0,1,0,0,0,0|K,0,1,0,0,0,0|I,0,1,0,0,0,0|N,-4.9,1.06,0.30,255,255,255|E,36.5,1.58,0.49,255,255,255|T,60.2,1.88,0.60,255,255,255|I,65.0,1.94,0.62,255,255,255|C,68.1,1.98,0.63,255,255,255|K,86.1,2.20,0.71,255,255,255|I,92.3,2.28,0.74,255,255,255|N,93.3,2.29,0.74,255,255,255|E,88.1,2.23,0.72,255,255,255|T,74.2,2.05,0.66,255,255,255|I,65.7,1.95,0.62,255,255,255|C,59.9,1.87,0.59,255,255,255|K,48.7,1.73,0.54,255,255,255|I,52.0,1.78,0.56,255,255,255|N,33.4,1.54,0.48,255,255,255|E,-21.5,0.86,0.23,255,255,255|T,0,1,0,0,0,0|I,0,1,0,0,0,0|C,-33.6,0.70,0.17,255,255,255|K,56.5,1.83,0.58,255,255,255|I,89.2,2.24,0.73,255,255,255|N,109.2,2.49,0.82,255,255,255|E,125.2,2.69,0.89,255,255,255|T,127.1,2.71,0.90,255,255,255|I,129.8,2.75,0.91,255,255,255|C,118.4,2.60,0.86,255,255,255|K,96.6,2.33,0.76,255,255,255|I,102.0,2.40,0.78,255,255,255|N,109.6,2.50,0.82,255,255,255|E,113.8,2.55,0.84,255,255,255|T,125.1,2.69,0.89,255,255,255|I,127.0,2.71,0.90,255,255,255|C,120.7,2.63,0.87,255,255,255|K,113.8,2.55,0.84,255,255,255|I,104.6,2.43,0.80,255,255,255|N,103.5,2.42,0.79,255,255,255|E,120.3,2.63,0.87,255,255,255|T,129.3,2.74,0.91,255,255,255|I,133.9,2.80,0.93,255,255,255|C,130.3,2.75,0.91,255,255,255|K,129.2,2.74,0.91,255,255,255|I,123.1,2.66,0.88,255,255,255|N,113.6,2.55,0.84,255,255,255|E,97.8,2.35,0.77,255,255,255|T,68.5,1.98,0.63,255,255,255|I,75.1,2.06,0.66,255,255,255|C,44.9,1.69,0.53,255,255,255|K,0,1,0,0,0,0|I,19.9,1.37,0.41,255,255,255|N,108.5,2.48,0.81,255,255,255|E,79.3,2.12,0.68,255,255,255|T,69.0,1.99,0.64,255,255,255|I,75.6,2.07,0.67,255,255,255|C,75.4,2.07,0.66,255,255,255|K,87.4,2.22,0.72,255,255,255|I,90.5,2.26,0.73,255,255,255|N,96.9,2.34,0.76,255,255,255|E,95.2,2.32,0.75,255,255,255|T,91.1,2.26,0.73,255,255,255|I,88.9,2.24,0.73,255,255,255|C,88.2,2.23,0.72,255,255,255|K,84.0,2.18,0.70,255,255,255|I,84.6,2.18,0.71,255,255,255|N,84.7,2.18,0.71,255,255,255|E,81.2,2.14,0.69,255,255,255|T,81.1,2.14,0.69,255,255,255|I,84.5,2.18,0.71,255,255,255|C,82.3,2.15,0.70,255,255,255|K,81.1,2.14,0.69,255,255,255|I,84.0,2.17,0.70,255,255,255|N,84.8,2.19,0.71,255,255,255|E,83.1,2.16,0.70,255,255,255|
T,81.1,2.14,0.69,255,255,255|I,80.1,2.13,0.69,255,255,255|C,83.1,2.16,0.70,255,255,255|K,82.9,2.16,0.70,255,255,255|I,81.4,2.14,0.69,255,255,255|N,81.9,2.15,0.69,255,255,255|E,82.3,2.15,0.70,255,255,255|T,84.5,2.18,0.71,255,255,255|I,86.5,2.21,0.71,255,255,255|C,86.8,2.21,0.72,255,255,255|K,90.4,2.26,0.73,255,255,255|I,93.7,2.30,0.75,255,255,255|N,93.2,2.29,0.74,255,255,255|E,95.4,2.32,0.75,255,255,255|T,95.4,2.32,0.75,255,255,255|I,92.6,2.28,0.74,255,255,255|C,106.4,2.45,0.80,255,255,255|K,47.0,1.71,0.54,255,255,255|I,0,1,0,0,0,0|N,0,1,0,0,0,0|E,0,1,0,0,0,0|T,0,1,0,0,0,0|I,0,1,0,0,0,0|C,0,1,0,0,0,0|K,0,1,0,0,0,0|I,0,1,0,0,0,0|N,0,1,0,0,0,0|E,0,1,0,0,0,0|T,-34.6,0.69,0.17,255,255,255|I,-1.0,1.11,0.32,255,255,255|C,40.3,1.63,0.51,255,255,255|K,57.6,1.85,0.58,255,255,255|I,63.6,1.92,0.61,255,255,255|N,70.6,2.01,0.64,255,255,255|E,77.8,2.10,0.68,255,255,255|T,89.4,2.24,0.73,255,255,255|I,93.5,2.29,0.75,255,255,255|C,87.7,2.22,0.72,255,255,255|K,75.4,2.07,0.66,255,255,255|I,64.7,1.93,0.62,255,255,255|N,45.9,1.70,0.53,255,255,255|E,45.1,1.69,0.53,255,255,255|T,3.0,1.16,0.34,255,255,255|I,0,1,0,0,0,0|C,-33.6,0.71,0.17,255,255,255|K,18.8,1.36,0.41,255,255,255|I,3.3,1.17,0.34,255,255,255|N,74.8,2.06,0.66,255,255,255|E,105.9,2.45,0.80,255,255,255|T,127.1,2.71,0.90,255,255,255|I,126.4,2.71,0.89,255,255,255|C,126.4,2.71,0.89,255,255,255|K,128.4,2.73,0.90,255,255,255|I,128.7,2.73,0.90,255,255,255|N,96.0,2.33,0.76,255,255,255|E,69.9,2.00,0.64,255,255,255|T,82.0,2.15,0.69,255,255,255|I,117.0,2.59,0.85,255,255,255|C,120.1,2.63,0.87,255,255,255|K,122.5,2.66,0.88,255,255,255|I,125.3,2.69,0.89,255,255,255|N,126.5,2.71,0.89,255,255,255|E,125.4,2.69,0.89,255,255,255|T,123.1,2.66,0.88,255,255,255|I,119.8,2.62,0.86,255,255,255|C,120.4,2.63,0.87,255,255,255|K,117.7,2.60,0.85,255,255,255|I,114.6,2.56,0.84,255,255,255|N,109.4,2.49,0.82,255,255,255|E,105.8,2.45,0.80,255,255,255|T,98.5,2.36,0.77,255,255,255|I,86.7,2.21,0.72,255,255,255|C,67.2,1.97,0.63,255,255,255|K,79.2,2.11,0.68,255,255,255|I,8.3,1.23,0.36,255,255,255|N,0,1,0,0,0,0|E,21.9,1.40,0.42,255,255,255|T,119.1,2.61,0.86,255,255,255|I,79.5,2.12,0.68,255,255,255|C,67.9,1.97,0.63,255,255,255|K,74.3,2.05,0.66,255,255,255|I,75.0,2.06,0.66,255,255,255|N,92.8,2.29,0.74,255,255,255|E,97.4,2.34,0.76,255,255,255|T,96.0,2.33,0.76,255,255,255|I,92.0,2.27,0.74,255,255,255|C,88.5,2.23,0.72,255,255,255|K,86.7,2.21,0.72,255,255,255|I,83.4,2.17,0.70,255,255,255|N,82.4,2.16,0.70,255,255,255|E,85.1,2.19,0.71,255,255,255|T,81.9,2.15,0.69,255,255,255|I,82.9,2.16,0.70,255,255,255|C,83.3,2.17,0.70,255,255,255|K,83.3,2.17,0.70,255,255,255|I,82.3,2.15,0.70,255,255,255|N,83.4,2.17,0.70,255,255,255|E,83.4,2.17,0.70,255,255,255|T,83.9,2.17,0.70,255,255,255|I,83.8,2.17,0.70,255,255,255|
C,82.3,2.15,0.70,255,255,255|K,80.2,2.13,0.69,255,255,255|I,80.1,2.13,0.69,255,255,255|N,81.4,2.14,0.69,255,255,255|E,81.8,2.15,0.69,255,255,255|T,80.9,2.14,0.69,255,255,255|I,83.3,2.17,0.70,255,255,255|C,84.0,2.17,0.70,255,255,255|K,86.7,2.21,0.72,255,255,255|I,86.9,2.21,0.72,255,255,255|N,89.1,2.24,0.73,255,255,255|E,92.9,2.29,0.74,255,255,255|T,93.8,2.30,0.75,255,255,255|I,94.5,2.31,0.75,255,255,255|C,96.2,2.33,0.76,255,255,255|K,95.5,2.32,0.75,255,255,255|I,99.8,2.37,0.77,255,255,255|N,87.6,2.22,0.72,255,255,255|E,0,1,0,0,0,0|T,0,1,0,0,0,0|I,0,1,0,0,0,0|C,0,1,0,0,0,0|K,0,1,0,0,0,0|I,0,1,0,0,0,0|N,0,1,0,0,0,0|E,0,1,0,0,0,0|T,0,1,0,0,0,0|I,0,1,0,0,0,0|C,0,1,0,0,0,0|K,-37.1,0.66,0.16,255,255,255|I,0.3,1.13,0.33,255,255,255|N,26.4,1.45,0.44,255,255,255|E,54.9,1.81,0.57,255,255,255|T,66.6,1.96,0.62,255,255,255|I,71.6,2.02,0.65,255,255,255|C,66.5,1.96,0.62,255,255,255|K,69.1,1.99,0.64,255,255,255|I,76.4,2.08,0.67,255,255,255|N,76.0,2.07,0.67,255,255,255|E,61.2,1.89,0.60,255,255,255|T,51.2,1.76,0.56,255,255,255|I,45.0,1.69,0.53,255,255,255|C,-22.4,0.84,0.22,255,255,255|K,0,1,0,0,0,0|I,43.3,1.67,0.52,255,255,255|N,30.7,1.51,0.46,255,255,255|E,-4.2,1.07,0.31,255,255,255|T,35.3,1.57,0.48,255,255,255|I,80.6,2.13,0.69,255,255,255|C,104.2,2.43,0.79,255,255,255|K,122.7,2.66,0.88,255,255,255|I,124.6,2.68,0.89,255,255,255|N,125.0,2.69,0.89,255,255,255|E,124.0,2.68,0.88,255,255,255|T,123.6,2.67,0.88,255,255,255|I,112.3,2.53,0.83,255,255,255|C,50.3,1.75,0.55,255,255,255|K,84.8,2.18,0.71,255,255,255|I,123.9,2.67,0.88,255,255,255|N,120.9,2.64,0.87,255,255,255|E,123.0,2.66,0.88,255,255,255|T,122.3,2.65,0.88,255,255,255|I,119.2,2.61,0.86,255,255,255|C,118.5,2.61,0.86,255,255,255|K,116.2,2.58,0.85,255,255,255|I,114.0,2.55,0.84,255,255,255|N,105.5,2.44,0.80,255,255,255|E,97.7,2.35,0.76,255,255,255|T,88.7,2.23,0.72,255,255,255|I,80.4,2.13,0.69,255,255,255|C,85.9,2.20,0.71,255,255,255|K,73.5,2.04,0.66,255,255,255|I,69.2,1.99,0.64,255,255,255|N,64.7,1.93,0.62,255,255,255|E,-5.4,1.06,0.30,255,255,255|T,0.8,1.14,0.33,255,255,255|I,69.3,1.99,0.64,255,255,255|C,78.9,2.11,0.68,255,255,255|K,80.9,2.14,0.69,255,255,255|I,70.4,2.01,0.64,255,255,255|N,75.5,2.07,0.66,255,255,255|E,78.8,2.11,0.68,255,255,255|T,90.7,2.26,0.73,255,255,255|I,95.0,2.31,0.75,255,255,255|C,93.9,2.30,0.75,255,255,255|K,90.5,2.26,0.73,255,255,255|I,89.2,2.24,0.73,255,255,255|N,87.1,2.21,0.72,255,255,255|E,85.1,2.19,0.71,255,255,255|T,82.1,2.15,0.69,255,255,255|I,81.8,2.15,0.69,255,255,255|C,82.1,2.15,0.69,255,255,255|K,82.0,2.15,0.69,255,255,255|I,82.6,2.16,0.70,255,255,255|N,83.3,2.17,0.70,255,255,255|E,82.0,2.15,0.69,255,255,255|T,82.2,2.15,0.69,255,255,255|I,82.3,2.15,0.70,255,255,255|C,83.1,2.16,0.70,255,255,255|K,80.7,2.13,0.69,255,255,255|
I,82.3,2.15,0.70,255,255,255|N,81.5,2.14,0.69,255,255,255|E,81.2,2.14,0.69,255,255,255|T,81.4,2.14,0.69,255,255,255|I,82.0,2.15,0.69,255,255,255|C,81.9,2.15,0.69,255,255,255|K,83.7,2.17,0.70,255,255,255|I,85.1,2.19,0.71,255,255,255|N,85.6,2.20,0.71,255,255,255|E,88.8,2.23,0.72,255,255,255|T,89.8,2.25,0.73,255,255,255|I,92.3,2.28,0.74,255,255,255|C,96.0,2.33,0.76,255,255,255|K,95.4,2.32,0.75,255,255,255|I,96.7,2.33,0.76,255,255,255|N,98.4,2.35,0.77,255,255,255|E,97.5,2.34,0.76,255,255,255|T,107.1,2.46,0.81,255,255,255|I,-17.1,0.91,0.25,255,255,255|C,0,1,0,0,0,0|K,0,1,0,0,0,0|I,0,1,0,0,0,0|N,0,1,0,0,0,0|E,0,1,0,0,0,0|T,0,1,0,0,0,0|I,0,1,0,0,0,0|C,0,1,0,0,0,0|K,0,1,0,0,0,0|I,0,1,0,0,0,0|N,0,1,0,0,0,0|E,0,1,0,0,0,0|T,-19.0,0.89,0.24,255,255,255|I,36.3,1.58,0.49,255,255,255|C,57.4,1.84,0.58,255,255,255|K,62.8,1.91,0.61,255,255,255|I,63.9,1.92,0.61,255,255,255|N,62.3,1.90,0.61,255,255,255|E,64.5,1.93,0.62,255,255,255|T,59.2,1.87,0.59,255,255,255|I,50.4,1.76,0.55,255,255,255|C,47.7,1.72,0.54,255,255,255|K,30.4,1.51,0.46,255,255,255|I,-37.7,0.65,0.16,255,255,255|N,0,1,0,0,0,0|E,0,1,0,0,0,0|T,0,1,0,0,0,0|I,0,1,0,0,0,0|C,0,1,0,0,0,0|K,-36.7,0.67,0.16,255,255,255|I,-27.5,0.78,0.20,255,255,255|N,4.2,1.18,0.34,255,255,255|E,57.9,1.85,0.59,255,255,255|T,91.7,2.27,0.74,255,255,255|I,81.4,2.14,0.69,255,255,255|C,75.3,2.07,0.66,255,255,255|K,97.9,2.35,0.77,255,255,255|I,105.5,2.44,0.80,255,255,255|N,32.3,1.53,0.47,255,255,255|E,68.6,1.98,0.63,255,255,255|T,125.3,2.69,0.89,255,255,255|I,121.9,2.65,0.87,255,255,255|C,123.5,2.67,0.88,255,255,255|K,120.7,2.63,0.87,255,255,255|I,118.4,2.60,0.86,255,255,255|N,116.1,2.58,0.85,255,255,255|E,110.7,2.51,0.82,255,255,255|T,100.6,2.38,0.78,255,255,255|I,95.4,2.32,0.75,255,255,255|C,81.5,2.14,0.69,255,255,255|K,71.2,2.02,0.65,255,255,255|I,72.5,2.03,0.65,255,255,255|N,65.8,1.95,0.62,255,255,255|E,72.9,2.04,0.65,255,255,255|T,35.3,1.57,0.48,255,255,255|I,-5.4,1.06,0.30,255,255,255|C,112.8,2.54,0.83,255,255,255|K,94.5,2.31,0.75,255,255,255|I,80.7,2.13,0.69,255,255,255|N,93.5,2.29,0.75,255,255,255|E,72.2,2.03,0.65,255,255,255|T,83.7,2.17,0.70,255,255,255|I,95.3,2.32,0.75,255,255,255|C,93.3,2.29,0.74,255,255,255|K,93.7,2.30,0.75,255,255,255|I,91.6,2.27,0.74,255,255,255|N,90.6,2.26,0.73,255,255,255|E,88.2,2.23,0.72,255,255,255|T,86.0,2.20,0.71,255,255,255|I,84.2,2.18,0.70,255,255,255|C,82.0,2.15,0.69,255,255,255|K,80.4,2.13,0.69,255,255,255|I,80.1,2.13,0.69,255,255,255|N,82.0,2.15,0.69,255,255,255|E,82.3,2.15,0.70,255,255,255|T,79.5,2.12,0.68,255,255,255|I,80.7,2.13,0.69,255,255,255|C,82.0,2.15,0.69,255,255,255|K,81.2,2.14,0.69,255,255,255|I,82.0,2.15,0.69,255,255,255|N,83.7,2.17,0.70,255,255,255|
E,81.1,2.14,0.69,255,255,255|T,83.1,2.16,0.70,255,255,255|I,81.9,2.15,0.69,255,255,255|C,82.9,2.16,0.70,255,255,255|K,84.9,2.19,0.71,255,255,255|I,84.0,2.18,0.70,255,255,255|N,85.9,2.20,0.71,255,255,255|E,87.5,2.22,0.72,255,255,255|T,90.1,2.25,0.73,255,255,255|I,93.6,2.30,0.75,255,255,255|C,93.8,2.30,0.75,255,255,255|K,96.9,2.34,0.76,255,255,255|I,96.6,2.33,0.76,255,255,255|N,96.9,2.34,0.76,255,255,255|E,98.2,2.35,0.77,255,255,255|T,99.3,2.37,0.77,255,255,255|I,98.4,2.35,0.77,255,255,255|C,109.2,2.49,0.82,255,255,255|K,56.2,1.83,0.58,255,255,255|I,0,1,0,0,0,0|N,0,1,0,0,0,0|E,0,1,0,0,0,0|T,0,1,0,0,0,0|I,0,1,0,0,0,0|C,0,1,0,0,0,0|K,0,1,0,0,0,0|I,0,1,0,0,0,0|N,0,1,0,0,0,0|E,0,1,0,0,0,0|T,0,1,0,0,0,0|I,0,1,0,0,0,0|C,0,1,0,0,0,0|K,-18.1,0.90,0.24,255,255,255|I,33.7,1.55,0.48,255,255,255|N,52.9,1.79,0.56,255,255,255|E,60.2,1.88,0.60,255,255,255|T,60.3,1.88,0.60,255,255,255|I,58.0,1.85,0.59,255,255,255|C,54.5,1.81,0.57,255,255,255|K,47.8,1.72,0.54,255,255,255|I,45.2,1.69,0.53,255,255,255|N,-4.0,1.08,0.31,255,255,255|E,0,1,0,0,0,0|T,0,1,0,0,0,0|I,0,1,0,0,0,0|C,0,1,0,0,0,0|K,0,1,0,0,0,0|I,0,1,0,0,0,0|N,0,1,0,0,0,0|E,0,1,0,0,0,0|T,0,1,0,0,0,0|I,0,1,0,0,0,0|C,-27.5,0.78,0.20,255,255,255|K,0,1,0,0,0,0|I,0,1,0,0,0,0|N,0,1,0,0,0,0|E,-15.9,0.93,0.25,255,255,255|T,41.7,1.65,0.51,255,255,255|I,0.4,1.13,0.33,255,255,255|C,60.8,1.89,0.60,255,255,255|K,120.9,2.64,0.87,255,255,255|I,120.8,2.64,0.87,255,255,255|N,121.1,2.64,0.87,255,255,255|E,119.1,2.61,0.86,255,255,255|T,115.0,2.56,0.84,255,255,255|I,106.6,2.46,0.80,255,255,255|C,100.4,2.38,0.78,255,255,255|K,82.3,2.15,0.70,255,255,255|I,70.5,2.01,0.64,255,255,255|N,71.3,2.02,0.65,255,255,255|E,69.9,2.00,0.64,255,255,255|T,67.5,1.97,0.63,255,255,255|I,75.2,2.07,0.66,255,255,255|C,-0.8,1.12,0.32,255,255,255|K,8.3,1.23,0.36,255,255,255|I,116.0,2.58,0.85,255,255,255|N,124.1,2.68,0.88,255,255,255|E,128.4,2.73,0.90,255,255,255|T,70.5,2.01,0.64,255,255,255|I,72.3,2.03,0.65,255,255,255|C,73.8,2.05,0.66,255,255,255|K,76.7,2.08,0.67,255,255,255|I,78.0,2.10,0.68,255,255,255|N,83.7,2.17,0.70,255,255,255|E,92.1,2.28,0.74,255,255,255|T,91.8,2.27,0.74,255,255,255|I,90.8,2.26,0.73,255,255,255|C,87.0,2.21,0.72,255,255,255|K,85.4,2.19,0.71,255,255,255|I,85.6,2.20,0.71,255,255,255|N,82.8,2.16,0.70,255,255,255|E,80.9,2.14,0.69,255,255,255|T,82.6,2.16,0.70,255,255,255|I,81.3,2.14,0.69,255,255,255|C,81.3,2.14,0.69,255,255,255|K,79.3,2.12,0.68,255,255,255|I,82.0,2.15,0.69,255,255,255|N,81.5,2.14,0.69,255,255,255|E,83.9,2.17,0.70,255,255,255|T,81.7,2.15,0.69,255,255,255|
I,78.3,2.10,0.68,255,255,255|C,82.3,2.15,0.70,255,255,255|K,82.5,2.16,0.70,255,255,255|I,83.2,2.17,0.70,255,255,255|N,83.2,2.17,0.70,255,255,255|E,85.1,2.19,0.71,255,255,255|T,85.0,2.19,0.71,255,255,255|I,87.7,2.22,0.72,255,255,255|C,91.3,2.27,0.74,255,255,255|K,94.8,2.31,0.75,255,255,255|I,97.4,2.34,0.76,255,255,255|N,98.2,2.35,0.77,255,255,255|E,96.3,2.33,0.76,255,255,255|T,97.3,2.34,0.76,255,255,255|I,98.7,2.36,0.77,255,255,255|C,100.6,2.38,0.78,255,255,255|K,100.8,2.39,0.78,255,255,255|I,98.9,2.36,0.77,255,255,255|N,108.9,2.49,0.81,255,255,255|E,67.1,1.96,0.63,255,255,255|T,-13.6,0.96,0.26,255,255,255|I,0,1,0,0,0,0|C,0,1,0,0,0,0|K,0,1,0,0,0,0|I,0,1,0,0,0,0|N,0,1,0,0,0,0|E,0,1,0,0,0,0|T,0,1,0,0,0,0|I,0,1,0,0,0,0|C,0,1,0,0,0,0|K,0,1,0,0,0,0|I,0,1,0,0,0,0|N,0,1,0,0,0,0|E,-0.0,1.12,0.32,255,255,255|T,45.0,1.69,0.53,255,255,255|I,51.6,1.77,0.56,255,255,255|C,51.3,1.77,0.56,255,255,255|K,50.9,1.76,0.55,255,255,255|I,51.4,1.77,0.56,255,255,255|N,52.1,1.78,0.56,255,255,255|E,37.2,1.59,0.49,255,255,255|T,-24.9,0.81,0.21,255,255,255|I,0,1,0,0,0,0|C,0,1,0,0,0,0|K,0,1,0,0,0,0|I,0,1,0,0,0,0|N,0,1,0,0,0,0|E,0,1,0,0,0,0|T,0,1,0,0,0,0|I,0,1,0,0,0,0|C,0,1,0,0,0,0|K,0,1,0,0,0,0|I,-27.9,0.78,0.20,255,255,255|N,-10.7,0.99,0.28,255,255,255|E,-27.5,0.78,0.20,255,255,255|T,-23.1,0.84,0.22,255,255,255|I,61.1,1.89,0.60,255,255,255|C,126.3,2.70,0.89,255,255,255|K,86.7,2.21,0.71,255,255,255|I,27.2,1.47,0.45,255,255,255|N,77.9,2.10,0.68,255,255,255|E,112.4,2.53,0.83,255,255,255|T,116.3,2.58,0.85,255,255,255|I,118.0,2.60,0.86,255,255,255|C,109.6,2.49,0.82,255,255,255|K,103.9,2.42,0.79,255,255,255|I,93.9,2.30,0.75,255,255,255|N,74.4,2.06,0.66,255,255,255|E,72.0,2.02,0.65,255,255,255|T,73.6,2.05,0.66,255,255,255|I,70.6,2.01,0.64,255,255,255|C,73.3,2.04,0.66,255,255,255|K,62.7,1.91,0.61,255,255,255|I,-32.8,0.72,0.18,255,255,255|N,36.5,1.58,0.49,255,255,255|E,45.3,1.69,0.53,255,255,255|T,112.5,2.53,0.83,255,255,255|I,76.5,2.08,0.67,255,255,255|C,64.8,1.93,0.62,255,255,255|K,69.6,2.00,0.64,255,255,255|I,70.8,2.01,0.64,255,255,255|N,73.6,2.04,0.66,255,255,255|E,76.4,2.08,0.67,255,255,255|T,81.0,2.14,0.69,255,255,255|I,94.4,2.30,0.75,255,255,255|C,92.9,2.29,0.74,255,255,255|K,91.0,2.26,0.73,255,255,255|I,91.7,2.27,0.74,255,255,255|N,88.4,2.23,0.72,255,255,255|E,86.5,2.21,0.71,255,255,255|T,86.0,2.20,0.71,255,255,255|I,82.9,2.16,0.70,255,255,255|C,82.0,2.15,0.69,255,255,255|K,82.1,2.15,0.69,255,255,255|I,84.2,2.18,0.70,255,255,255|N,83.1,2.16,0.70,255,255,255|E,81.2,2.14,0.69,255,255,255|T,80.2,2.13,0.69,255,255,255|I,83.6,2.17,0.70,255,255,255|C,82.6,2.16,0.70,255,255,255|
K,79.2,2.12,0.68,255,255,255|I,81.5,2.14,0.69,255,255,255|N,82.8,2.16,0.70,255,255,255|E,82.8,2.16,0.70,255,255,255|T,84.0,2.18,0.70,255,255,255|I,84.8,2.18,0.71,255,255,255|C,85.8,2.20,0.71,255,255,255|K,87.5,2.22,0.72,255,255,255|I,90.5,2.26,0.73,255,255,255|N,94.4,2.30,0.75,255,255,255|E,96.5,2.33,0.76,255,255,255|T,98.2,2.35,0.77,255,255,255|I,97.4,2.34,0.76,255,255,255|C,97.7,2.35,0.76,255,255,255|K,99.0,2.36,0.77,255,255,255|I,99.8,2.37,0.77,255,255,255|N,100.5,2.38,0.78,255,255,255|E,101.8,2.40,0.78,255,255,255|T,101.9,2.40,0.78,255,255,255|I,112.9,2.54,0.83,255,255,255|C,113.5,2.54,0.84,255,255,255|K,94.1,2.30,0.75,255,255,255|I,88.1,2.23,0.72,255,255,255|N,11.1,1.26,0.37,255,255,255|E,0,1,0,0,0,0|T,0,1,0,0,0,0|I,0,1,0,0,0,0|C,0,1,0,0,0,0|K,0,1,0,0,0,0|I,0,1,0,0,0,0|N,0,1,0,0,0,0|E,0,1,0,0,0,0|T,0,1,0,0,0,0|I,-26.3,0.80,0.21,255,255,255|C,-2.1,1.10,0.32,255,255,255|K,43.7,1.67,0.52,255,255,255|I,52.6,1.78,0.56,255,255,255|N,51.1,1.76,0.56,255,255,255|E,51.4,1.77,0.56,255,255,255|T,54.2,1.80,0.57,255,255,255|I,45.0,1.69,0.53,255,255,255|C,-1.3,1.11,0.32,255,255,255|K,0,1,0,0,0,0|I,0,1,0,0,0,0|N,0,1,0,0,0,0|E,0,1,0,0,0,0|T,0,1,0,0,0,0|I,0,1,0,0,0,0|C,0,1,0,0,0,0|K,0,1,0,0,0,0|I,0,1,0,0,0,0|N,-35.8,0.68,0.16,255,255,255|E,51.0,1.76,0.55,255,255,255|T,64.0,1.92,0.61,255,255,255|I,100.9,2.39,0.78,255,255,255|C,125.7,2.70,0.89,255,255,255|K,130.1,2.75,0.91,255,255,255|I,120.0,2.63,0.87,255,255,255|N,127.7,2.72,0.90,255,255,255|E,113.4,2.54,0.84,255,255,255|T,86.3,2.20,0.71,255,255,255|I,101.1,2.39,0.78,255,255,255|C,112.1,2.53,0.83,255,255,255|K,113.7,2.55,0.84,255,255,255|I,105.9,2.45,0.80,255,255,255|N,99.0,2.36,0.77,255,255,255|E,88.1,2.23,0.72,255,255,255|T,72.1,2.03,0.65,255,255,255|I,71.5,2.02,0.65,255,255,255|C,72.3,2.03,0.65,255,255,255|K,70.1,2.00,0.64,255,255,255|I,78.1,2.10,0.68,255,255,255|N,29.6,1.50,0.46,255,255,255|E,0,1,0,0,0,0|T,-5.3,1.06,0.30,255,255,255|I,48.0,1.73,0.54,255,255,255|C,57.4,1.84,0.58,255,255,255|K,75.0,2.06,0.66,255,255,255|I,86.5,2.21,0.71,255,255,255|N,82.2,2.15,0.70,255,255,255|E,83.9,2.17,0.70,255,255,255|T,85.0,2.19,0.71,255,255,255|I,85.9,2.20,0.71,255,255,255|C,87.9,2.22,0.72,255,255,255|K,92.6,2.28,0.74,255,255,255|I,92.1,2.28,0.74,255,255,255|N,91.1,2.26,0.73,255,255,255|E,89.7,2.25,0.73,255,255,255|T,88.5,2.23,0.72,255,255,255|I,86.0,2.20,0.71,255,255,255|C,84.1,2.18,0.70,255,255,255|K,83.2,2.17,0.70,255,255,255|I,82.9,2.16,0.70,255,255,255|N,83.1,2.16,0.70,255,255,255|E,83.1,2.16,0.70,255,255,255|T,83.4,2.17,0.70,255,255,255|I,82.9,2.16,0.70,255,255,255|C,81.1,2.14,0.69,255,255,255|K,84.2,2.18,0.70,255,255,255|I,80.7,2.13,0.69,255,255,255|
N,81.7,2.15,0.69,255,255,255|E,82.0,2.15,0.69,255,255,255|T,83.9,2.17,0.70,255,255,255|I,82.6,2.16,0.70,255,255,255|C,82.9,2.16,0.70,255,255,255|K,83.4,2.17,0.70,255,255,255|I,84.8,2.19,0.71,255,255,255|N,87.1,2.21,0.72,255,255,255|E,86.2,2.20,0.71,255,255,255|T,89.9,2.25,0.73,255,255,255|I,92.5,2.28,0.74,255,255,255|C,92.5,2.28,0.74,255,255,255|K,94.6,2.31,0.75,255,255,255|I,96.6,2.33,0.76,255,255,255|N,95.8,2.32,0.76,255,255,255|E,98.6,2.36,0.77,255,255,255|T,101.1,2.39,0.78,255,255,255|I,100.8,2.39,0.78,255,255,255|C,102.9,2.41,0.79,255,255,255|K,100.1,2.38,0.78,255,255,255|I,100.4,2.38,0.78,255,255,255|N,105.4,2.44,0.80,255,255,255|E,109.9,2.50,0.82,255,255,255|T,48.7,1.73,0.54,255,255,255|I,0,1,0,0,0,0|C,0,1,0,0,0,0|K,0,1,0,0,0,0|I,0,1,0,0,0,0|N,0,1,0,0,0,0|E,0,1,0,0,0,0|T,0,1,0,0,0,0|I,0,1,0,0,0,0|C,0,1,0,0,0,0|K,0,1,0,0,0,0|I,-16.5,0.92,0.25,255,255,255|N,43.4,1.67,0.52,255,255,255|E,56.1,1.83,0.58,255,255,255|T,58.0,1.85,0.59,255,255,255|I,60.9,1.89,0.60,255,255,255|C,51.8,1.77,0.56,255,255,255|K,24.7,1.43,0.44,255,255,255|I,-14.1,0.95,0.26,255,255,255|N,-38.9,0.64,0.15,255,255,255|E,0,1,0,0,0,0|T,0,1,0,0,0,0|I,0,1,0,0,0,0|C,0,1,0,0,0,0|K,0,1,0,0,0,0|I,0,1,0,0,0,0|N,0,1,0,0,0,0|E,-38.7,0.64,0.15,255,255,255|T,0,1,0,0,0,0|I,-38.7,0.64,0.15,255,255,255|C,-30.9,0.74,0.19,255,255,255|K,-14.8,0.94,0.26,255,255,255|I,39.5,1.62,0.50,255,255,255|N,90.8,2.26,0.73,255,255,255|E,113.5,2.54,0.84,255,255,255|T,120.0,2.63,0.87,255,255,255|I,127.2,2.72,0.90,255,255,255|C,126.4,2.71,0.89,255,255,255|K,112.0,2.52,0.83,255,255,255|I,107.7,2.47,0.81,255,255,255|N,109.1,2.49,0.82,255,255,255|E,101.2,2.39,0.78,255,255,255|T,95.3,2.32,0.75,255,255,255|I,81.1,2.14,0.69,255,255,255|C,69.0,1.99,0.64,255,255,255|K,69.1,1.99,0.64,255,255,255|I,69.3,1.99,0.64,255,255,255|N,71.8,2.02,0.65,255,255,255|E,65.6,1.94,0.62,255,255,255|T,-32.1,0.72,0.18,255,255,255|I,0,1,0,0,0,0|C,50.0,1.75,0.55,255,255,255|K,92.3,2.28,0.74,255,255,255|I,92.4,2.28,0.74,255,255,255|N,93.3,2.29,0.74,255,255,255|E,91.3,2.27,0.74,255,255,255|T,89.0,2.24,0.73,255,255,255|I,89.7,2.25,0.73,255,255,255|C,91.3,2.27,0.74,255,255,255|K,90.8,2.26,0.73,255,255,255|I,91.1,2.26,0.73,255,255,255|N,90.5,2.26,0.73,255,255,255|E,88.7,2.23,0.72,255,255,255|T,86.9,2.21,0.72,255,255,255|I,84.3,2.18,0.70,255,255,255|C,84.1,2.18,0.70,255,255,255|K,83.7,2.17,0.70,255,255,255|I,82.6,2.16,0.70,255,255,255|N,82.6,2.16,0.70,255,255,255|E,81.3,2.14,0.69,255,255,255|T,82.1,2.15,0.69,255,255,255|I,83.1,2.16,0.70,255,255,255|C,82.6,2.16,0.70,255,255,255|K,82.2,2.15,0.69,255,255,255|I,83.1,2.16,0.70,255,255,255|N,84.2,2.18,0.70,255,255,255|E,81.8,2.15,0.69,255,255,255|
T,80.8,2.13,0.69,255,255,255|I,80.6,2.13,0.69,255,255,255|C,84.0,2.17,0.70,255,255,255|K,81.9,2.15,0.69,255,255,255|I,82.1,2.15,0.69,255,255,255|N,82.1,2.15,0.69,255,255,255|E,82.3,2.15,0.70,255,255,255|T,84.5,2.18,0.71,255,255,255|I,85.4,2.19,0.71,255,255,255|C,85.9,2.20,0.71,255,255,255|K,86.8,2.21,0.72,255,255,255|I,88.2,2.23,0.72,255,255,255|N,88.7,2.23,0.72,255,255,255|E,89.7,2.25,0.73,255,255,255|T,91.4,2.27,0.74,255,255,255|I,94.4,2.31,0.75,255,255,255|C,98.5,2.36,0.77,255,255,255|K,99.1,2.36,0.77,255,255,255|I,99.3,2.37,0.77,255,255,255|N,100.0,2.37,0.77,255,255,255|E,101.7,2.40,0.78,255,255,255|T,102.8,2.41,0.79,255,255,255|I,103.1,2.41,0.79,255,255,255|C,74.9,2.06,0.66,255,255,255|K,-26.5,0.79,0.21,255,255,255|I,0,1,0,0,0,0|N,0,1,0,0,0,0|E,0,1,0,0,0,0|T,0,1,0,0,0,0|I,0,1,0,0,0,0|C,0,1,0,0,0,0|K,0,1,0,0,0,0|I,0,1,0,0,0,0|N,-32.8,0.72,0.18,255,255,255|E,28.2,1.48,0.45,255,255,255|T,46.1,1.70,0.53,255,255,255|I,49.6,1.74,0.55,255,255,255|C,28.3,1.48,0.45,255,255,255|K,-3.0,1.09,0.31,255,255,255|I,-29.6,0.75,0.19,255,255,255|N,0,1,0,0,0,0|E,0,1,0,0,0,0|T,0,1,0,0,0,0|I,0,1,0,0,0,0|C,0,1,0,0,0,0|K,0,1,0,0,0,0|I,0,1,0,0,0,0|N,0,1,0,0,0,0|E,0,1,0,0,0,0|T,0,1,0,0,0,0|I,0,1,0,0,0,0|C,0,1,0,0,0,0|K,0,1,0,0,0,0|I,0,1,0,0,0,0|N,-38.6,0.64,0.15,255,255,255|E,-36.3,0.67,0.16,255,255,255|T,-2.5,1.09,0.31,255,255,255|I,40.6,1.63,0.51,255,255,255|C,67.3,1.97,0.63,255,255,255|K,84.9,2.19,0.71,255,255,255|I,102.4,2.40,0.79,255,255,255|N,126.8,2.71,0.90,255,255,255|E,115.3,2.57,0.84,255,255,255|T,104.9,2.44,0.80,255,255,255|I,101.2,2.39,0.78,255,255,255|C,96.8,2.33,0.76,255,255,255|K,75.0,2.06,0.66,255,255,255|I,70.4,2.01,0.64,255,255,255|N,73.6,2.05,0.66,255,255,255|E,75.3,2.07,0.66,255,255,255|T,4.5,1.18,0.35,255,255,255|I,-0.0,1.12,0.32,255,255,255|C,0,1,0,0,0,0|K,-32.4,0.72,0.18,255,255,255|I,85.0,2.19,0.71,255,255,255|N,92.8,2.28,0.74,255,255,255|E,87.0,2.21,0.72,255,255,255|T,88.7,2.23,0.72,255,255,255|I,88.7,2.23,0.72,255,255,255|C,87.3,2.22,0.72,255,255,255|K,86.9,2.21,0.72,255,255,255|I,86.9,2.21,0.72,255,255,255|N,85.7,2.20,0.71,255,255,255|E,87.5,2.22,0.72,255,255,255|T,85.6,2.20,0.71,255,255,255|I,84.3,2.18,0.70,255,255,255|C,84.8,2.19,0.71,255,255,255|K,83.6,2.17,0.70,255,255,255|I,83.4,2.17,0.70,255,255,255|N,82.0,2.15,0.69,255,255,255|E,81.1,2.14,0.69,255,255,255|T,81.4,2.14,0.69,255,255,255|I,81.4,2.14,0.69,255,255,255|C,82.1,2.15,0.69,255,255,255|K,82.2,2.15,0.69,255,255,255|I,81.7,2.15,0.69,255,255,255|N,82.2,2.15,0.69,255,255,255|E,81.2,2.14,0.69,255,255,255|T,85.1,2.19,0.71,255,255,255|I,81.9,2.15,0.69,255,255,255|
C,81.1,2.14,0.69,255,255,255|K,82.1,2.15,0.69,255,255,255|I,83.0,2.16,0.70,255,255,255|N,82.1,2.15,0.69,255,255,255|E,80.9,2.14,0.69,255,255,255|T,82.0,2.15,0.69,255,255,255|I,81.3,2.14,0.69,255,255,255|C,82.9,2.16,0.70,255,255,255|K,84.8,2.19,0.71,255,255,255|I,86.8,2.21,0.72,255,255,255|N,85.5,2.19,0.71,255,255,255|E,87.4,2.22,0.72,255,255,255|T,87.2,2.21,0.72,255,255,255|I,88.3,2.23,0.72,255,255,255|C,90.8,2.26,0.73,255,255,255|K,92.9,2.29,0.74,255,255,255|I,97.5,2.34,0.76,255,255,255|N,98.6,2.36,0.77,255,255,255|E,99.9,2.37,0.77,255,255,255|T,100.0,2.37,0.77,255,255,255|I,100.8,2.39,0.78,255,255,255|C,100.8,2.38,0.78,255,255,255|K,102.6,2.41,0.79,255,255,255|I,92.1,2.28,0.74,255,255,255|N,16.5,1.33,0.40,255,255,255|E,0,1,0,0,0,0|T,0,1,0,0,0,0|I,0,1,0,0,0,0|C,0,1,0,0,0,0|K,0,1,0,0,0,0|I,0,1,0,0,0,0|N,0,1,0,0,0,0|E,0,1,0,0,0,0|T,-30.9,0.74,0.19,255,255,255|I,-3.2,1.08,0.31,255,255,255|C,-23.2,0.84,0.22,255,255,255|K,-32.4,0.72,0.18,255,255,255|I,0,1,0,0,0,0|N,0,1,0,0,0,0|E,0,1,0,0,0,0|T,0,1,0,0,0,0|I,0,1,0,0,0,0|C,0,1,0,0,0,0|K,0,1,0,0,0,0|I,0,1,0,0,0,0|N,0,1,0,0,0,0|E,0,1,0,0,0,0|T,0,1,0,0,0,0|I,0,1,0,0,0,0|C,0,1,0,0,0,0|K,0,1,0,0,0,0|I,0,1,0,0,0,0|N,0,1,0,0,0,0|E,0,1,0,0,0,0|T,0,1,0,0,0,0|I,0,1,0,0,0,0|C,0,1,0,0,0,0|K,-32.7,0.72,0.18,255,255,255|I,-10.8,0.99,0.28,255,255,255|N,6.0,1.20,0.35,255,255,255|E,12.1,1.28,0.38,255,255,255|T,45.7,1.70,0.53,255,255,255|I,106.9,2.46,0.81,255,255,255|C,107.4,2.47,0.81,255,255,255|K,80.9,2.14,0.69,255,255,255|I,82.7,2.16,0.70,255,255,255|N,76.4,2.08,0.67,255,255,255|E,69.7,2.00,0.64,255,255,255|T,39.5,1.62,0.50,255,255,255|I,8.1,1.23,0.36,255,255,255|C,0,1,0,0,0,0|K,0,1,0,0,0,0|I,0,1,0,0,0,0|N,41.4,1.64,0.51,255,255,255|E,95.7,2.32,0.76,255,255,255|T,92.2,2.28,0.74,255,255,255|I,90.3,2.25,0.73,255,255,255|C,89.9,2.25,0.73,255,255,255|K,89.1,2.24,0.73,255,255,255|I,88.3,2.23,0.72,255,255,255|N,88.0,2.23,0.72,255,255,255|E,85.6,2.19,0.71,255,255,255|T,86.2,2.20,0.71,255,255,255|I,86.9,2.21,0.72,255,255,255|C,86.1,2.20,0.71,255,255,255|K,87.3,2.22,0.72,255,255,255|I,85.2,2.19,0.71,255,255,255|N,86.1,2.20,0.71,255,255,255|E,83.4,2.17,0.70,255,255,255|T,81.2,2.14,0.69,255,255,255|I,83.4,2.17,0.70,255,255,255|C,83.0,2.16,0.70,255,255,255|K,80.9,2.14,0.69,255,255,255|I,82.0,2.15,0.69,255,255,255|N,81.9,2.15,0.69,255,255,255|E,80.1,2.13,0.69,255,255,255|T,80.9,2.14,0.69,255,255,255|I,81.0,2.14,0.69,255,255,255|C,82.5,2.16,0.70,255,255,255|K,82.2,2.15,0.69,255,255,255|
I,81.2,2.14,0.69,255,255,255|N,82.3,2.15,0.70,255,255,255|E,83.2,2.17,0.70,255,255,255|T,82.3,2.15,0.70,255,255,255|I,83.4,2.17,0.70,255,255,255|C,82.1,2.15,0.69,255,255,255|K,82.6,2.16,0.70,255,255,255|I,83.4,2.17,0.70,255,255,255|N,84.5,2.18,0.71,255,255,255|E,84.7,2.18,0.71,255,255,255|T,85.3,2.19,0.71,255,255,255|I,86.2,2.20,0.71,255,255,255|C,88.2,2.23,0.72,255,255,255|K,89.5,2.24,0.73,255,255,255|I,92.0,2.27,0.74,255,255,255|N,93.7,2.30,0.75,255,255,255|E,98.1,2.35,0.77,255,255,255|T,100.3,2.38,0.78,255,255,255|I,100.0,2.37,0.77,255,255,255|C,100.4,2.38,0.78,255,255,255|K,101.7,2.40,0.78,255,255,255|I,102.2,2.40,0.78,255,255,255|N,101.8,2.40,0.78,255,255,255|E,104.1,2.43,0.79,255,255,255|T,85.3,2.19,0.71,255,255,255|I,-25.5,0.81,0.21,255,255,255|C,0,1,0,0,0,0|K,0,1,0,0,0,0|I,0,1,0,0,0,0|N,0,1,0,0,0,0|E,0,1,0,0,0,0|T,0,1,0,0,0,0|I,0,1,0,0,0,0|C,0,1,0,0,0,0|K,0,1,0,0,0,0|I,0,1,0,0,0,0|N,0,1,0,0,0,0|E,0,1,0,0,0,0|T,0,1,0,0,0,0|I,0,1,0,0,0,0|C,0,1,0,0,0,0|K,0,1,0,0,0,0|I,0,1,0,0,0,0|N,0,1,0,0,0,0|E,0,1,0,0,0,0|T,0,1,0,0,0,0|I,0,1,0,0,0,0|C,0,1,0,0,0,0|K,0,1,0,0,0,0|I,0,1,0,0,0,0|N,0,1,0,0,0,0|E,0,1,0,0,0,0|T,0,1,0,0,0,0|I,0,1,0,0,0,0|C,0,1,0,0,0,0|K,0,1,0,0,0,0|I,0,1,0,0,0,0|N,0,1,0,0,0,0|E,0,1,0,0,0,0|T,0,1,0,0,0,0|I,-34.5,0.69,0.17,255,255,255|C,-33.9,0.70,0.17,255,255,255|K,12.6,1.28,0.38,255,255,255|I,102.6,2.41,0.79,255,255,255|N,76.6,2.08,0.67,255,255,255|E,56.7,1.83,0.58,255,255,255|T,73.6,2.05,0.66,255,255,255|I,56.1,1.83,0.58,255,255,255|C,-28.8,0.77,0.20,255,255,255|K,-38.4,0.65,0.15,255,255,255|I,0,1,0,0,0,0|N,0,1,0,0,0,0|E,0,1,0,0,0,0|T,83.3,2.17,0.70,255,255,255|I,99.4,2.37,0.77,255,255,255|C,93.5,2.29,0.75,255,255,255|K,93.7,2.30,0.75,255,255,255|I,91.7,2.27,0.74,255,255,255|N,88.3,2.23,0.72,255,255,255|E,89.6,2.24,0.73,255,255,255|T,87.9,2.22,0.72,255,255,255|I,88.7,2.23,0.72,255,255,255|C,88.2,2.23,0.72,255,255,255|K,89.3,2.24,0.73,255,255,255|I,89.3,2.24,0.73,255,255,255|N,88.6,2.23,0.72,255,255,255|E,86.0,2.20,0.71,255,255,255|T,86.5,2.21,0.71,255,255,255|I,85.7,2.20,0.71,255,255,255|C,84.6,2.18,0.71,255,255,255|K,84.8,2.18,0.71,255,255,255|I,83.2,2.17,0.70,255,255,255|N,82.7,2.16,0.70,255,255,255|E,84.0,2.17,0.70,255,255,255|T,82.9,2.16,0.70,255,255,255|I,81.1,2.14,0.69,255,255,255|C,82.7,2.16,0.70,255,255,255|K,81.3,2.14,0.69,255,255,255|I,83.2,2.17,0.70,255,255,255|N,81.9,2.15,0.69,255,255,255|
E,81.2,2.14,0.69,255,255,255|T,82.3,2.15,0.70,255,255,255|I,83.4,2.17,0.70,255,255,255|C,83.5,2.17,0.70,255,255,255|K,83.4,2.17,0.70,255,255,255|I,83.4,2.17,0.70,255,255,255|N,86.2,2.20,0.71,255,255,255|E,83.7,2.17,0.70,255,255,255|T,84.8,2.18,0.71,255,255,255|I,86.0,2.20,0.71,255,255,255|C,88.6,2.23,0.72,255,255,255|K,88.8,2.24,0.72,255,255,255|I,89.1,2.24,0.73,255,255,255|N,89.1,2.24,0.73,255,255,255|E,91.4,2.27,0.74,255,255,255|T,95.0,2.31,0.75,255,255,255|I,99.5,2.37,0.77,255,255,255|C,100.5,2.38,0.78,255,255,255|K,100.1,2.38,0.78,255,255,255|I,100.8,2.39,0.78,255,255,255|N,102.5,2.41,0.79,255,255,255|E,103.9,2.42,0.79,255,255,255|T,103.0,2.41,0.79,255,255,255|I,102.0,2.40,0.78,255,255,255|C,106.1,2.45,0.80,255,255,255|K,34.2,1.55,0.48,255,255,255|I,0,1,0,0,0,0|N,0,1,0,0,0,0|E,0,1,0,0,0,0|T,0,1,0,0,0,0|I,0,1,0,0,0,0|C,0,1,0,0,0,0|K,0,1,0,0,0,0|I,0,1,0,0,0,0|N,0,1,0,0,0,0|E,0,1,0,0,0,0|T,0,1,0,0,0,0|I,0,1,0,0,0,0|C,0,1,0,0,0,0|K,0,1,0,0,0,0|I,0,1,0,0,0,0|N,0,1,0,0,0,0|E,0,1,0,0,0,0|T,0,1,0,0,0,0|I,0,1,0,0,0,0|C,0,1,0,0,0,0|K,0,1,0,0,0,0|I,0,1,0,0,0,0|N,0,1,0,0,0,0|E,0,1,0,0,0,0|T,-38.8,0.64,0.15,255,255,255|I,-27.1,0.79,0.20,255,255,255|C,-13.2,0.96,0.27,255,255,255|K,-12.6,0.97,0.27,255,255,255|I,-26.2,0.80,0.21,255,255,255|N,0,1,0,0,0,0|E,0,1,0,0,0,0|T,0,1,0,0,0,0|I,0,1,0,0,0,0|C,0,1,0,0,0,0|K,0,1,0,0,0,0|I,0,1,0,0,0,0|N,0,1,0,0,0,0|E,34.3,1.55,0.48,255,255,255|T,88.8,2.24,0.72,255,255,255|I,64.0,1.92,0.61,255,255,255|C,67.0,1.96,0.63,255,255,255|K,9.9,1.25,0.37,255,255,255|I,0,1,0,0,0,0|N,0,1,0,0,0,0|E,0,1,0,0,0,0|T,0,1,0,0,0,0|I,13.6,1.30,0.39,255,255,255|C,100.3,2.38,0.78,255,255,255|K,95.0,2.31,0.75,255,255,255|I,93.9,2.30,0.75,255,255,255|N,93.1,2.29,0.74,255,255,255|E,91.0,2.26,0.73,255,255,255|T,89.0,2.24,0.73,255,255,255|I,90.1,2.25,0.73,255,255,255|C,88.0,2.23,0.72,255,255,255|K,89.1,2.24,0.73,255,255,255|I,89.9,2.25,0.73,255,255,255|N,90.5,2.26,0.73,255,255,255|E,89.8,2.25,0.73,255,255,255|T,88.6,2.23,0.72,255,255,255|I,89.4,2.24,0.73,255,255,255|C,88.1,2.23,0.72,255,255,255|K,86.8,2.21,0.72,255,255,255|I,86.7,2.21,0.72,255,255,255|N,86.0,2.20,0.71,255,255,255|E,84.5,2.18,0.71,255,255,255|T,85.8,2.20,0.71,255,255,255|I,84.9,2.19,0.71,255,255,255|C,84.8,2.18,0.71,255,255,255|K,81.2,2.14,0.69,255,255,255|I,81.9,2.15,0.69,255,255,255|N,82.9,2.16,0.70,255,255,255|E,84.2,2.18,0.70,255,255,255|T,82.4,2.16,0.70,255,255,255|
I,79.1,2.11,0.68,255,255,255|C,82.6,2.16,0.70,255,255,255|K,84.2,2.18,0.70,255,255,255|I,82.3,2.15,0.70,255,255,255|N,85.0,2.19,0.71,255,255,255|E,84.8,2.18,0.71,255,255,255|T,84.8,2.18,0.71,255,255,255|I,86.0,2.20,0.71,255,255,255|C,85.1,2.19,0.71,255,255,255|K,87.6,2.22,0.72,255,255,255|I,87.9,2.22,0.72,255,255,255|N,88.1,2.23,0.72,255,255,255|E,87.6,2.22,0.72,255,255,255|T,88.5,2.23,0.72,255,255,255|I,91.5,2.27,0.74,255,255,255|C,95.5,2.32,0.75,255,255,255|K,98.7,2.36,0.77,255,255,255|I,101.1,2.39,0.78,255,255,255|N,101.7,2.40,0.78,255,255,255|E,101.2,2.39,0.78,255,255,255|T,102.9,2.41,0.79,255,255,255|I,103.7,2.42,0.79,255,255,255|C,102.7,2.41,0.79,255,255,255|K,104.2,2.43,0.79,255,255,255|I,103.0,2.41,0.79,255,255,255|N,99.5,2.37,0.77,255,255,255|E,-14.8,0.94,0.26,255,255,255|T,0,1,0,0,0,0|I,0,1,0,0,0,0|C,0,1,0,0,0,0|K,0,1,0,0,0,0|I,0,1,0,0,0,0|N,0,1,0,0,0,0|E,0,1,0,0,0,0|T,0,1,0,0,0,0|I,0,1,0,0,0,0|C,0,1,0,0,0,0|K,0,1,0,0,0,0|I,0,1,0,0,0,0|N,0,1,0,0,0,0|E,0,1,0,0,0,0|T,0,1,0,0,0,0|I,0,1,0,0,0,0|C,0,1,0,0,0,0|K,-30.7,0.74,0.19,255,255,255|I,-9.6,1.00,0.28,255,255,255|N,9.9,1.25,0.37,255,255,255|E,27.6,1.47,0.45,255,255,255|T,67.4,1.97,0.63,255,255,255|I,82.1,2.15,0.69,255,255,255|C,91.2,2.26,0.74,255,255,255|K,111.8,2.52,0.83,255,255,255|I,113.9,2.55,0.84,255,255,255|N,104.7,2.43,0.80,255,255,255|E,77.7,2.10,0.67,255,255,255|T,14.8,1.31,0.39,255,255,255|I,7.0,1.21,0.36,255,255,255|C,-9.7,1.00,0.28,255,255,255|K,0,1,0,0,0,0|I,0,1,0,0,0,0|N,0,1,0,0,0,0|E,0,1,0,0,0,0|T,0,1,0,0,0,0|I,0.8,1.14,0.33,255,255,255|C,45.4,1.69,0.53,255,255,255|K,71.9,2.02,0.65,255,255,255|I,12.0,1.27,0.38,255,255,255|N,-33.9,0.70,0.17,255,255,255|E,0,1,0,0,0,0|T,0,1,0,0,0,0|I,0,1,0,0,0,0|C,-7.1,1.04,0.29,255,255,255|K,104.0,2.42,0.79,255,255,255|I,96.8,2.33,0.76,255,255,255|N,95.3,2.32,0.75,255,255,255|E,93.0,2.29,0.74,255,255,255|T,91.8,2.27,0.74,255,255,255|I,92.0,2.28,0.74,255,255,255|C,90.7,2.26,0.73,255,255,255|K,89.1,2.24,0.73,255,255,255|I,88.3,2.23,0.72,255,255,255|N,88.8,2.24,0.72,255,255,255|E,89.4,2.24,0.73,255,255,255|T,87.6,2.22,0.72,255,255,255|I,89.2,2.24,0.73,255,255,255|C,88.5,2.23,0.72,255,255,255|K,87.9,2.22,0.72,255,255,255|I,88.8,2.23,0.72,255,255,255|N,88.0,2.23,0.72,255,255,255|E,86.2,2.20,0.71,255,255,255|T,85.8,2.20,0.71,255,255,255|I,85.6,2.20,0.71,255,255,255|C,84.2,2.18,0.70,255,255,255|K,83.3,2.17,0.70,255,255,255|I,84.1,2.18,0.70,255,255,255|N,84.1,2.18,0.70,255,255,255|E,83.1,2.16,0.70,255,255,255|T,83.2,2.17,0.70,255,255,255|I,84.0,2.17,0.70,255,255,255|C,80.9,2.14,0.69,255,255,255|
K,80.9,2.14,0.69,255,255,255|I,82.1,2.15,0.69,255,255,255|N,83.1,2.16,0.70,255,255,255|E,84.0,2.17,0.70,255,255,255|T,82.9,2.16,0.70,255,255,255|I,84.5,2.18,0.71,255,255,255|C,85.8,2.20,0.71,255,255,255|K,86.8,2.21,0.72,255,255,255|I,87.9,2.22,0.72,255,255,255|N,88.2,2.23,0.72,255,255,255|E,89.1,2.24,0.73,255,255,255|T,87.8,2.22,0.72,255,255,255|I,88.7,2.23,0.72,255,255,255|C,89.5,2.24,0.73,255,255,255|K,91.2,2.27,0.74,255,255,255|I,94.6,2.31,0.75,255,255,255|N,99.0,2.36,0.77,255,255,255|E,101.4,2.39,0.78,255,255,255|T,102.8,2.41,0.79,255,255,255|I,101.8,2.40,0.78,255,255,255|C,102.9,2.41,0.79,255,255,255|K,103.9,2.42,0.79,255,255,255|I,103.5,2.42,0.79,255,255,255|N,104.1,2.43,0.79,255,255,255|E,102.6,2.41,0.79,255,255,255|T,110.3,2.50,0.82,255,255,255|I,73.7,2.05,0.66,255,255,255|C,-14.9,0.94,0.26,255,255,255|K,0,1,0,0,0,0|I,0,1,0,0,0,0|N,0,1,0,0,0,0|E,0,1,0,0,0,0|T,0,1,0,0,0,0|I,0,1,0,0,0,0|C,0,1,0,0,0,0|K,0,1,0,0,0,0|I,0,1,0,0,0,0|N,0,1,0,0,0,0|E,0,1,0,0,0,0|T,0,1,0,0,0,0|I,0,1,0,0,0,0|C,0,1,0,0,0,0|K,0,1,0,0,0,0|I,0,1,0,0,0,0|N,0,1,0,0,0,0|E,0,1,0,0,0,0|T,-28.0,0.77,0.20,255,255,255|I,-16.9,0.91,0.25,255,255,255|C,-25.7,0.80,0.21,255,255,255|K,-29.1,0.76,0.19,255,255,255|I,-15.5,0.93,0.26,255,255,255|N,2.2,1.15,0.33,255,255,255|E,28.6,1.48,0.45,255,255,255|T,60.0,1.88,0.60,255,255,255|I,69.7,2.00,0.64,255,255,255|C,75.4,2.07,0.66,255,255,255|K,78.5,2.11,0.68,255,255,255|I,75.9,2.07,0.67,255,255,255|N,60.6,1.88,0.60,255,255,255|E,18.4,1.36,0.41,255,255,255|T,-33.6,0.71,0.17,255,255,255|I,0,1,0,0,0,0|C,-38.9,0.64,0.15,255,255,255|K,-12.1,0.97,0.27,255,255,255|I,0,1,0,0,0,0|N,-4.0,1.08,0.31,255,255,255|E,-29.2,0.76,0.19,255,255,255|T,0,1,0,0,0,0|I,0,1,0,0,0,0|C,0,1,0,0,0,0|K,-38.0,0.65,0.15,255,255,255|I,84.5,2.18,0.71,255,255,255|N,99.2,2.37,0.77,255,255,255|E,94.0,2.30,0.75,255,255,255|T,95.5,2.32,0.75,255,255,255|I,91.8,2.27,0.74,255,255,255|C,90.8,2.26,0.73,255,255,255|K,90.6,2.26,0.73,255,255,255|I,89.4,2.24,0.73,255,255,255|N,90.5,2.26,0.73,255,255,255|E,89.1,2.24,0.73,255,255,255|T,87.0,2.21,0.72,255,255,255|I,87.8,2.22,0.72,255,255,255|C,86.2,2.20,0.71,255,255,255|K,88.1,2.23,0.72,255,255,255|I,88.2,2.23,0.72,255,255,255|N,89.1,2.24,0.73,255,255,255|E,87.7,2.22,0.72,255,255,255|T,86.7,2.21,0.72,255,255,255|I,87.2,2.21,0.72,255,255,255|C,85.8,2.20,0.71,255,255,255|K,85.3,2.19,0.71,255,255,255|I,84.0,2.17,0.70,255,255,255|N,84.5,2.18,0.71,255,255,255|E,84.2,2.18,0.70,255,255,255|T,83.4,2.17,0.70,255,255,255|I,83.4,2.17,0.70,255,255,255|C,82.1,2.15,0.69,255,255,255|K,84.5,2.18,0.71,255,255,255|I,82.9,2.16,0.70,255,255,255|
N,81.2,2.14,0.69,255,255,255|E,83.2,2.17,0.70,255,255,255|T,85.1,2.19,0.71,255,255,255|I,83.8,2.17,0.70,255,255,255|C,83.6,2.17,0.70,255,255,255|K,84.9,2.19,0.71,255,255,255|I,85.1,2.19,0.71,255,255,255|N,86.0,2.20,0.71,255,255,255|E,87.1,2.21,0.72,255,255,255|T,86.8,2.21,0.72,255,255,255|I,87.3,2.22,0.72,255,255,255|C,89.1,2.24,0.73,255,255,255|K,90.7,2.26,0.73,255,255,255|I,90.5,2.26,0.73,255,255,255|N,91.6,2.27,0.74,255,255,255|E,93.5,2.29,0.75,255,255,255|T,98.8,2.36,0.77,255,255,255|I,102.1,2.40,0.78,255,255,255|C,104.5,2.43,0.80,255,255,255|K,104.1,2.43,0.79,255,255,255|I,103.0,2.41,0.79,255,255,255|N,105.9,2.45,0.80,255,255,255|E,106.0,2.45,0.80,255,255,255|T,106.2,2.45,0.80,255,255,255|I,105.5,2.44,0.80,255,255,255|C,102.7,2.41,0.79,255,255,255|K,116.8,2.58,0.85,255,255,255|I,68.7,1.98,0.63,255,255,255|N,0,1,0,0,0,0|E,0,1,0,0,0,0|T,0,1,0,0,0,0|I,0,1,0,0,0,0|C,0,1,0,0,0,0|K,0,1,0,0,0,0|I,0,1,0,0,0,0|N,0,1,0,0,0,0|E,0,1,0,0,0,0|T,0,1,0,0,0,0|I,0,1,0,0,0,0|C,0,1,0,0,0,0|K,0,1,0,0,0,0|I,0,1,0,0,0,0|N,0,1,0,0,0,0|E,0,1,0,0,0,0|T,0,1,0,0,0,0|I,0,1,0,0,0,0|C,0,1,0,0,0,0|K,0,1,0,0,0,0|I,0,1,0,0,0,0|N,0,1,0,0,0,0|E,0,1,0,0,0,0|T,0,1,0,0,0,0|I,0,1,0,0,0,0|C,-33.0,0.71,0.18,255,255,255|K,8.3,1.23,0.36,255,255,255|I,58.8,1.86,0.59,255,255,255|N,64.7,1.93,0.62,255,255,255|E,63.3,1.92,0.61,255,255,255|T,69.3,1.99,0.64,255,255,255|I,79.3,2.12,0.68,255,255,255|C,68.3,1.98,0.63,255,255,255|K,17.9,1.35,0.41,255,255,255|I,-13.7,0.95,0.26,255,255,255|N,0,1,0,0,0,0|E,0,1,0,0,0,0|T,0,1,0,0,0,0|I,0,1,0,0,0,0|C,0,1,0,0,0,0|K,0,1,0,0,0,0|I,-23.7,0.83,0.22,255,255,255|N,70.2,2.00,0.64,255,255,255|E,101.4,2.39,0.78,255,255,255|T,95.8,2.32,0.76,255,255,255|I,96.5,2.33,0.76,255,255,255|C,96.2,2.33,0.76,255,255,255|K,95.3,2.32,0.75,255,255,255|I,93.3,2.29,0.74,255,255,255|N,90.8,2.26,0.73,255,255,255|E,90.5,2.26,0.73,255,255,255|T,91.4,2.27,0.74,255,255,255|I,91.2,2.27,0.74,255,255,255|C,88.0,2.23,0.72,255,255,255|K,85.9,2.20,0.71,255,255,255|I,87.1,2.21,0.72,255,255,255|N,87.4,2.22,0.72,255,255,255|E,88.5,2.23,0.72,255,255,255|T,88.9,2.24,0.73,255,255,255|I,88.4,2.23,0.72,255,255,255|C,86.2,2.20,0.71,255,255,255|K,86.0,2.20,0.71,255,255,255|I,85.1,2.19,0.71,255,255,255|N,83.7,2.17,0.70,255,255,255|E,84.8,2.18,0.71,255,255,255|T,85.2,2.19,0.71,255,255,255|I,83.7,2.17,0.70,255,255,255|C,82.3,2.15,0.70,255,255,255|K,82.3,2.15,0.70,255,255,255|I,83.2,2.17,0.70,255,255,255|N,84.2,2.18,0.70,255,255,255|E,82.8,2.16,0.70,255,255,255|
T,83.4,2.17,0.70,255,255,255|I,83.5,2.17,0.70,255,255,255|C,83.2,2.17,0.70,255,255,255|K,82.4,2.16,0.70,255,255,255|I,82.3,2.15,0.70,255,255,255|N,87.1,2.21,0.72,255,255,255|E,85.1,2.19,0.71,255,255,255|T,84.7,2.18,0.71,255,255,255|I,85.4,2.19,0.71,255,255,255|C,85.0,2.19,0.71,255,255,255|K,86.5,2.21,0.71,255,255,255|I,86.2,2.20,0.71,255,255,255|N,87.9,2.22,0.72,255,255,255|E,90.3,2.25,0.73,255,255,255|T,92.6,2.28,0.74,255,255,255|I,96.5,2.33,0.76,255,255,255|C,99.1,2.36,0.77,255,255,255|K,101.9,2.40,0.78,255,255,255|I,104.9,2.44,0.80,255,255,255|N,105.4,2.44,0.80,255,255,255|E,105.6,2.44,0.80,255,255,255|T,106.6,2.46,0.80,255,255,255|I,107.8,2.47,0.81,255,255,255|C,107.5,2.47,0.81,255,255,255|K,106.4,2.45,0.80,255,255,255|I,104.4,2.43,0.79,255,255,255|N,108.1,2.48,0.81,255,255,255|E,82.6,2.16,0.70,255,255,255|T,0,1,0,0,0,0|I,0,1,0,0,0,0|C,0,1,0,0,0,0|K,0,1,0,0,0,0|I,0,1,0,0,0,0|N,0,1,0,0,0,0|E,0,1,0,0,0,0|T,0,1,0,0,0,0|I,0,1,0,0,0,0|C,0,1,0,0,0,0|K,0,1,0,0,0,0|I,0,1,0,0,0,0|N,0,1,0,0,0,0|E,0,1,0,0,0,0|T,0,1,0,0,0,0|I,0,1,0,0,0,0|C,0,1,0,0,0,0|K,0,1,0,0,0,0|I,0,1,0,0,0,0|N,0,1,0,0,0,0|E,0,1,0,0,0,0|T,0,1,0,0,0,0|I,-29.7,0.75,0.19,255,255,255|C,-19.7,0.88,0.24,255,255,255|K,-12.8,0.97,0.27,255,255,255|I,3.4,1.17,0.34,255,255,255|N,31.2,1.52,0.47,255,255,255|E,63.3,1.92,0.61,255,255,255|T,72.5,2.03,0.65,255,255,255|I,66.9,1.96,0.63,255,255,255|C,67.6,1.97,0.63,255,255,255|K,66.0,1.95,0.62,255,255,255|I,68.3,1.98,0.63,255,255,255|N,78.3,2.10,0.68,255,255,255|E,-9.3,1.01,0.28,255,255,255|T,0,1,0,0,0,0|I,0,1,0,0,0,0|C,0,1,0,0,0,0|K,0,1,0,0,0,0|I,0,1,0,0,0,0|N,-26.6,0.79,0.21,255,255,255|E,54.1,1.80,0.57,255,255,255|T,99.5,2.37,0.77,255,255,255|I,101.7,2.40,0.78,255,255,255|C,94.9,2.31,0.75,255,255,255|K,98.4,2.35,0.77,255,255,255|I,97.9,2.35,0.77,255,255,255|N,96.5,2.33,0.76,255,255,255|E,97.2,2.34,0.76,255,255,255|T,93.1,2.29,0.74,255,255,255|I,91.4,2.27,0.74,255,255,255|C,91.8,2.27,0.74,255,255,255|K,91.3,2.27,0.74,255,255,255|I,89.6,2.24,0.73,255,255,255|N,85.4,2.19,0.71,255,255,255|E,86.2,2.20,0.71,255,255,255|T,87.0,2.21,0.72,255,255,255|I,89.1,2.24,0.73,255,255,255|C,87.2,2.21,0.72,255,255,255|K,87.4,2.22,0.72,255,255,255|I,85.4,2.19,0.71,255,255,255|N,84.2,2.18,0.70,255,255,255|E,83.4,2.17,0.70,255,255,255|T,83.2,2.17,0.70,255,255,255|I,84.0,2.17,0.70,255,255,255|C,84.0,2.17,0.70,255,255,255|K,84.3,2.18,0.70,255,255,255|I,82.6,2.16,0.70,255,255,255|N,81.9,2.15,0.69,255,255,255|E,82.1,2.15,0.69,255,255,255|T,82.9,2.16,0.70,255,255,255|I,82.1,2.15,0.69,255,255,255|
C,81.3,2.14,0.69,255,255,255|K,82.9,2.16,0.70,255,255,255|I,86.2,2.20,0.71,255,255,255|N,84.2,2.18,0.70,255,255,255|E,84.2,2.18,0.70,255,255,255|T,85.4,2.19,0.71,255,255,255|I,84.1,2.18,0.70,255,255,255|C,84.8,2.18,0.71,255,255,255|K,85.8,2.20,0.71,255,255,255|I,87.1,2.21,0.72,255,255,255|N,87.6,2.22,0.72,255,255,255|E,90.0,2.25,0.73,255,255,255|T,91.6,2.27,0.74,255,255,255|I,95.1,2.31,0.75,255,255,255|C,95.6,2.32,0.76,255,255,255|K,98.2,2.35,0.77,255,255,255|I,102.9,2.41,0.79,255,255,255|N,106.0,2.45,0.80,255,255,255|E,106.7,2.46,0.81,255,255,255|T,108.0,2.48,0.81,255,255,255|I,108.1,2.48,0.81,255,255,255|C,108.9,2.49,0.82,255,255,255|K,109.5,2.49,0.82,255,255,255|I,108.9,2.49,0.82,255,255,255|N,107.0,2.46,0.81,255,255,255|E,104.6,2.43,0.80,255,255,255|T,107.1,2.46,0.81,255,255,255|I,93.7,2.30,0.75,255,255,255|C,0,1,0,0,0,0|K,0,1,0,0,0,0|I,0,1,0,0,0,0|N,0,1,0,0,0,0|E,0,1,0,0,0,0|T,0,1,0,0,0,0|I,0,1,0,0,0,0|C,0,1,0,0,0,0|K,0,1,0,0,0,0|I,0,1,0,0,0,0|N,0,1,0,0,0,0|E,0,1,0,0,0,0|T,0,1,0,0,0,0|I,0,1,0,0,0,0|C,-30.7,0.74,0.19,255,255,255|K,-25.8,0.80,0.21,255,255,255|I,-0.3,1.12,0.32,255,255,255|N,25.6,1.45,0.44,255,255,255|E,35.3,1.57,0.48,255,255,255|T,36.5,1.58,0.49,255,255,255|I,30.4,1.51,0.46,255,255,255|C,42.6,1.66,0.52,255,255,255|K,96.8,2.33,0.76,255,255,255|I,125.9,2.70,0.89,255,255,255|N,128.0,2.72,0.90,255,255,255|E,131.1,2.76,0.92,255,255,255|T,126.0,2.70,0.89,255,255,255|I,113.1,2.54,0.83,255,255,255|C,100.3,2.38,0.78,255,255,255|K,83.5,2.17,0.70,255,255,255|I,76.0,2.07,0.67,255,255,255|N,67.0,1.96,0.63,255,255,255|E,65.3,1.94,0.62,255,255,255|T,23.6,1.42,0.43,255,255,255|I,-38.1,0.65,0.15,255,255,255|C,0,1,0,0,0,0|K,0,1,0,0,0,0|I,0,1,0,0,0,0|N,0,1,0,0,0,0|E,-20.7,0.87,0.23,255,255,255|T,82.1,2.15,0.69,255,255,255|I,47.7,1.72,0.54,255,255,255|C,3.0,1.16,0.34,255,255,255|K,88.1,2.23,0.72,255,255,255|I,107.2,2.47,0.81,255,255,255|N,96.9,2.34,0.76,255,255,255|E,100.1,2.38,0.78,255,255,255|T,101.0,2.39,0.78,255,255,255|I,100.2,2.38,0.78,255,255,255|C,98.2,2.35,0.77,255,255,255|K,95.5,2.32,0.75,255,255,255|I,94.6,2.31,0.75,255,255,255|N,94.5,2.31,0.75,255,255,255|E,94.9,2.31,0.75,255,255,255|T,94.7,2.31,0.75,255,255,255|I,92.3,2.28,0.74,255,255,255|C,91.1,2.26,0.73,255,255,255|K,89.8,2.25,0.73,255,255,255|I,89.8,2.25,0.73,255,255,255|N,87.4,2.22,0.72,255,255,255|E,86.5,2.21,0.71,255,255,255|T,85.6,2.20,0.71,255,255,255|I,84.7,2.18,0.71,255,255,255|C,86.5,2.21,0.71,255,255,255|K,84.8,2.18,0.71,255,255,255|I,83.6,2.17,0.70,255,255,255|N,84.2,2.18,0.70,255,255,255|E,84.7,2.18,0.71,255,255,255|T,82.1,2.15,0.69,255,255,255|I,81.5,2.14,0.69,255,255,255|C,82.4,2.16,0.70,255,255,255|K,82.0,2.15,0.69,255,255,255|
I,83.3,2.17,0.70,255,255,255|N,84.0,2.18,0.70,255,255,255|E,84.0,2.17,0.70,255,255,255|T,84.2,2.18,0.70,255,255,255|I,85.2,2.19,0.71,255,255,255|C,85.3,2.19,0.71,255,255,255|K,85.1,2.19,0.71,255,255,255|I,87.1,2.21,0.72,255,255,255|N,86.2,2.20,0.71,255,255,255|E,85.7,2.20,0.71,255,255,255|T,87.2,2.21,0.72,255,255,255|I,91.4,2.27,0.74,255,255,255|C,93.2,2.29,0.74,255,255,255|K,98.4,2.35,0.77,255,255,255|I,101.3,2.39,0.78,255,255,255|N,102.3,2.40,0.79,255,255,255|E,93.7,2.30,0.75,255,255,255|T,87.9,2.22,0.72,255,255,255|I,88.4,2.23,0.72,255,255,255|C,90.2,2.25,0.73,255,255,255|K,90.3,2.25,0.73,255,255,255|I,90.1,2.25,0.73,255,255,255|N,89.7,2.25,0.73,255,255,255|E,90.7,2.26,0.73,255,255,255|T,88.9,2.24,0.72,255,255,255|I,88.2,2.23,0.72,255,255,255|C,103.7,2.42,0.79,255,255,255|K,56.3,1.83,0.58,255,255,255|I,0,1,0,0,0,0|N,0,1,0,0,0,0|E,0,1,0,0,0,0|T,0,1,0,0,0,0|I,0,1,0,0,0,0|C,0,1,0,0,0,0|K,0,1,0,0,0,0|I,0,1,0,0,0,0|N,0,1,0,0,0,0|E,0,1,0,0,0,0|T,0,1,0,0,0,0|I,0,1,0,0,0,0|C,0,1,0,0,0,0|K,-38.2,0.65,0.15,255,255,255|I,-21.2,0.86,0.23,255,255,255|N,-5.2,1.06,0.30,255,255,255|E,22.5,1.41,0.43,255,255,255|T,46.5,1.71,0.53,255,255,255|I,67.5,1.97,0.63,255,255,255|C,66.7,1.96,0.63,255,255,255|K,59.1,1.86,0.59,255,255,255|I,68.2,1.98,0.63,255,255,255|N,80.0,2.13,0.69,255,255,255|E,98.2,2.35,0.77,255,255,255|T,109.8,2.50,0.82,255,255,255|I,113.0,2.54,0.83,255,255,255|C,112.9,2.54,0.83,255,255,255|K,110.0,2.50,0.82,255,255,255|I,92.7,2.28,0.74,255,255,255|N,72.9,2.04,0.65,255,255,255|E,74.5,2.06,0.66,255,255,255|T,62.7,1.91,0.61,255,255,255|I,7.0,1.21,0.36,255,255,255|C,0,1,0,0,0,0|K,0,1,0,0,0,0|I,0,1,0,0,0,0|N,0,1,0,0,0,0|E,0,1,0,0,0,0|T,-25.3,0.81,0.21,255,255,255|I,65.8,1.95,0.62,255,255,255|C,79.8,2.12,0.68,255,255,255|K,78.2,2.10,0.68,255,255,255|I,-22.0,0.85,0.23,255,255,255|N,0,1,0,0,0,0|E,52.8,1.79,0.56,255,255,255|T,97.4,2.34,0.76,255,255,255|I,84.0,2.17,0.70,255,255,255|C,86.7,2.21,0.72,255,255,255|K,87.7,2.22,0.72,255,255,255|I,87.4,2.22,0.72,255,255,255|N,86.8,2.21,0.72,255,255,255|E,87.4,2.22,0.72,255,255,255|T,86.1,2.20,0.71,255,255,255|I,85.7,2.20,0.71,255,255,255|C,86.3,2.20,0.71,255,255,255|K,85.0,2.19,0.71,255,255,255|I,87.9,2.22,0.72,255,255,255|N,90.5,2.26,0.73,255,255,255|E,89.5,2.24,0.73,255,255,255|T,87.9,2.22,0.72,255,255,255|I,87.8,2.22,0.72,255,255,255|C,86.6,2.21,0.71,255,255,255|K,86.2,2.20,0.71,255,255,255|I,86.2,2.20,0.71,255,255,255|N,86.2,2.20,0.71,255,255,255|E,84.6,2.18,0.71,255,255,255|T,85.0,2.19,0.71,255,255,255|I,84.4,2.18,0.70,255,255,255|C,84.0,2.18,0.70,255,255,255|K,83.1,2.16,0.70,255,255,255|I,82.2,2.15,0.69,255,255,255|N,82.9,2.16,0.70,255,255,255|
E,84.2,2.18,0.70,255,255,255|T,86.2,2.20,0.71,255,255,255|I,84.2,2.18,0.70,255,255,255|C,86.1,2.20,0.71,255,255,255|K,85.0,2.19,0.71,255,255,255|I,84.8,2.18,0.71,255,255,255|N,84.8,2.18,0.71,255,255,255|E,86.0,2.20,0.71,255,255,255|T,86.3,2.20,0.71,255,255,255|I,87.0,2.21,0.72,255,255,255|C,89.6,2.24,0.73,255,255,255|K,92.6,2.28,0.74,255,255,255|I,96.4,2.33,0.76,255,255,255|N,100.6,2.38,0.78,255,255,255|E,101.0,2.39,0.78,255,255,255|T,106.5,2.46,0.80,255,255,255|I,90.4,2.25,0.73,255,255,255|C,78.0,2.10,0.68,255,255,255|K,79.1,2.11,0.68,255,255,255|I,79.3,2.12,0.68,255,255,255|N,79.2,2.11,0.68,255,255,255|E,79.9,2.12,0.68,255,255,255|T,79.8,2.12,0.68,255,255,255|I,78.2,2.10,0.68,255,255,255|C,84.3,2.18,0.70,255,255,255|K,86.8,2.21,0.72,255,255,255|I,18.7,1.36,0.41,255,255,255|N,0,1,0,0,0,0|E,0,1,0,0,0,0|T,0,1,0,0,0,0|I,0,1,0,0,0,0|C,0,1,0,0,0,0|K,0,1,0,0,0,0|I,0,1,0,0,0,0|N,0,1,0,0,0,0|E,0,1,0,0,0,0|T,0,1,0,0,0,0|I,0,1,0,0,0,0|C,0,1,0,0,0,0|K,0,1,0,0,0,0|I,0,1,0,0,0,0|N,0,1,0,0,0,0|E,0,1,0,0,0,0|T,-37.8,0.65,0.15,255,255,255|I,-27.7,0.78,0.20,255,255,255|C,-10.7,0.99,0.28,255,255,255|K,3.3,1.17,0.34,255,255,255|I,-13.2,0.96,0.27,255,255,255|N,-17.8,0.90,0.24,255,255,255|E,-16.1,0.92,0.25,255,255,255|T,-9.9,1.00,0.28,255,255,255|I,13.1,1.29,0.38,255,255,255|C,30.2,1.50,0.46,255,255,255|K,56.4,1.83,0.58,255,255,255|I,67.9,1.97,0.63,255,255,255|N,72.1,2.03,0.65,255,255,255|E,69.5,1.99,0.64,255,255,255|T,73.9,2.05,0.66,255,255,255|I,47.6,1.72,0.54,255,255,255|C,-26.7,0.79,0.20,255,255,255|K,0,1,0,0,0,0|I,0,1,0,0,0,0|N,0,1,0,0,0,0|E,0,1,0,0,0,0|T,0,1,0,0,0,0|I,-33.5,0.71,0.17,255,255,255|C,62.9,1.91,0.61,255,255,255|K,82.1,2.15,0.69,255,255,255|I,73.6,2.04,0.66,255,255,255|N,102.8,2.41,0.79,255,255,255|E,50.3,1.75,0.55,255,255,255|T,0,1,0,0,0,0|I,0,1,0,0,0,0|C,29.6,1.50,0.46,255,255,255|K,89.6,2.24,0.73,255,255,255|I,79.6,2.12,0.68,255,255,255|N,79.6,2.12,0.68,255,255,255|E,81.2,2.14,0.69,255,255,255|T,81.9,2.15,0.69,255,255,255|I,82.0,2.15,0.69,255,255,255|C,81.3,2.14,0.69,255,255,255|K,81.5,2.14,0.69,255,255,255|I,81.8,2.15,0.69,255,255,255|N,83.2,2.17,0.70,255,255,255|E,85.6,2.19,0.71,255,255,255|T,89.6,2.24,0.73,255,255,255|I,88.6,2.23,0.72,255,255,255|C,88.8,2.24,0.72,255,255,255|K,86.2,2.20,0.71,255,255,255|I,86.2,2.20,0.71,255,255,255|N,85.4,2.19,0.71,255,255,255|E,85.3,2.19,0.71,255,255,255|T,85.5,2.19,0.71,255,255,255|I,83.6,2.17,0.70,255,255,255|C,83.4,2.17,0.70,255,255,255|K,81.4,2.14,0.69,255,255,255|I,81.9,2.15,0.69,255,255,255|N,82.7,2.16,0.70,255,255,255|E,83.4,2.17,0.70,255,255,255|T,82.4,2.16,0.70,255,255,255|
I,83.1,2.16,0.70,255,255,255|C,86.5,2.21,0.71,255,255,255|K,85.9,2.20,0.71,255,255,255|I,85.1,2.19,0.71,255,255,255|N,85.2,2.19,0.71,255,255,255|E,85.1,2.19,0.71,255,255,255|T,84.2,2.18,0.70,255,255,255|I,86.7,2.21,0.72,255,255,255|C,88.6,2.23,0.72,255,255,255|K,89.6,2.25,0.73,255,255,255|I,89.7,2.25,0.73,255,255,255|N,95.2,2.32,0.75,255,255,255|E,99.0,2.36,0.77,255,255,255|T,101.6,2.39,0.78,255,255,255|I,104.5,2.43,0.80,255,255,255|C,108.5,2.48,0.81,255,255,255|K,107.3,2.47,0.81,255,255,255|I,106.6,2.46,0.80,255,255,255|N,105.6,2.44,0.80,255,255,255|E,104.6,2.43,0.80,255,255,255|T,103.4,2.42,0.79,255,255,255|I,102.6,2.41,0.79,255,255,255|C,104.6,2.43,0.80,255,255,255|K,114.2,2.55,0.84,255,255,255|I,80.8,2.14,0.69,255,255,255|N,-14.3,0.95,0.26,255,255,255|E,0,1,0,0,0,0|T,0,1,0,0,0,0|I,0,1,0,0,0,0|C,0,1,0,0,0,0|K,0,1,0,0,0,0|I,0,1,0,0,0,0|N,0,1,0,0,0,0|E,0,1,0,0,0,0|T,0,1,0,0,0,0|I,0,1,0,0,0,0|C,0,1,0,0,0,0|K,0,1,0,0,0,0|I,0,1,0,0,0,0|N,0,1,0,0,0,0|E,0,1,0,0,0,0|T,0,1,0,0,0,0|I,0,1,0,0,0,0|C,0,1,0,0,0,0|K,0,1,0,0,0,0|I,0,1,0,0,0,0|N,0,1,0,0,0,0|E,0,1,0,0,0,0|T,0,1,0,0,0,0|I,0,1,0,0,0,0|C,0,1,0,0,0,0|K,0,1,0,0,0,0|I,0,1,0,0,0,0|N,-33.5,0.71,0.17,255,255,255|E,-24.5,0.82,0.21,255,255,255|T,-8.5,1.02,0.29,255,255,255|I,41.1,1.64,0.51,255,255,255|C,35.8,1.57,0.49,255,255,255|K,-30.7,0.74,0.19,255,255,255|I,0,1,0,0,0,0|N,0,1,0,0,0,0|E,0,1,0,0,0,0|T,0,1,0,0,0,0|I,0,1,0,0,0,0|C,-30.3,0.75,0.19,255,255,255|K,59.3,1.87,0.59,255,255,255|I,75.9,2.07,0.67,255,255,255|N,72.1,2.03,0.65,255,255,255|E,85.0,2.19,0.71,255,255,255|T,128.9,2.74,0.91,255,255,255|I,117.5,2.59,0.85,255,255,255|C,-37.4,0.66,0.16,255,255,255|K,0,1,0,0,0,0|I,0,1,0,0,0,0|N,24.5,1.43,0.44,255,255,255|E,90.8,2.26,0.73,255,255,255|T,84.7,2.18,0.71,255,255,255|I,77.1,2.09,0.67,255,255,255|C,78.7,2.11,0.68,255,255,255|K,78.7,2.11,0.68,255,255,255|I,79.4,2.12,0.68,255,255,255|N,80.3,2.13,0.69,255,255,255|E,93.8,2.30,0.75,255,255,255|T,94.6,2.31,0.75,255,255,255|I,92.6,2.28,0.74,255,255,255|C,91.4,2.27,0.74,255,255,255|K,89.9,2.25,0.73,255,255,255|I,89.1,2.24,0.73,255,255,255|N,87.1,2.21,0.72,255,255,255|E,85.3,2.19,0.71,255,255,255|T,85.5,2.19,0.71,255,255,255|I,85.3,2.19,0.71,255,255,255|C,86.0,2.20,0.71,255,255,255|K,85.1,2.19,0.71,255,255,255|I,83.9,2.17,0.70,255,255,255|N,83.9,2.17,0.70,255,255,255|E,83.4,2.17,0.70,255,255,255|T,81.7,2.15,0.69,255,255,255|I,83.1,2.16,0.70,255,255,255|C,81.0,2.14,0.69,255,255,255|
K,85.7,2.20,0.71,255,255,255|I,85.2,2.19,0.71,255,255,255|N,85.9,2.20,0.71,255,255,255|E,87.0,2.21,0.72,255,255,255|T,86.3,2.20,0.71,255,255,255|I,86.1,2.20,0.71,255,255,255|C,86.6,2.21,0.71,255,255,255|K,88.8,2.23,0.72,255,255,255|I,89.3,2.24,0.73,255,255,255|N,92.6,2.28,0.74,255,255,255|E,95.3,2.32,0.75,255,255,255|T,97.4,2.34,0.76,255,255,255|I,101.0,2.39,0.78,255,255,255|C,102.7,2.41,0.79,255,255,255|K,105.9,2.45,0.80,255,255,255|I,108.2,2.48,0.81,255,255,255|N,110.0,2.50,0.82,255,255,255|E,110.7,2.51,0.82,255,255,255|T,108.9,2.49,0.82,255,255,255|I,107.1,2.46,0.81,255,255,255|C,107.0,2.46,0.81,255,255,255|K,114.3,2.55,0.84,255,255,255|I,111.4,2.52,0.83,255,255,255|N,40.2,1.63,0.51,255,255,255|E,-37.2,0.66,0.16,255,255,255|T,0,1,0,0,0,0|I,0,1,0,0,0,0|C,0,1,0,0,0,0|K,0,1,0,0,0,0|I,0,1,0,0,0,0|N,0,1,0,0,0,0|E,0,1,0,0,0,0|T,0,1,0,0,0,0|I,0,1,0,0,0,0|C,0,1,0,0,0,0|K,0,1,0,0,0,0|I,0,1,0,0,0,0|N,0,1,0,0,0,0|E,0,1,0,0,0,0|T,0,1,0,0,0,0|I,0,1,0,0,0,0|C,0,1,0,0,0,0|K,0,1,0,0,0,0|I,0,1,0,0,0,0|N,0,1,0,0,0,0|E,0,1,0,0,0,0|T,0,1,0,0,0,0|I,0,1,0,0,0,0|C,0,1,0,0,0,0|K,0,1,0,0,0,0|I,0,1,0,0,0,0|N,0,1,0,0,0,0|E,0,1,0,0,0,0|T,0,1,0,0,0,0|I,0,1,0,0,0,0|C,0,1,0,0,0,0|K,0,1,0,0,0,0|I,0,1,0,0,0,0|N,0,1,0,0,0,0|E,0,1,0,0,0,0|T,0,1,0,0,0,0|I,0,1,0,0,0,0|C,0,1,0,0,0,0|K,-22.9,0.84,0.22,255,255,255|I,60.9,1.89,0.60,255,255,255|N,73.7,2.05,0.66,255,255,255|E,69.3,1.99,0.64,255,255,255|T,97.2,2.34,0.76,255,255,255|I,129.5,2.74,0.91,255,255,255|C,130.4,2.75,0.91,255,255,255|K,140.8,2.88,0.96,255,255,255|I,-17.8,0.90,0.24,255,255,255|N,0,1,0,0,0,0|E,0,1,0,0,0,0|T,0,1,0,0,0,0|I,-19.7,0.88,0.24,255,255,255|C,50.3,1.75,0.55,255,255,255|K,88.9,2.24,0.73,255,255,255|I,78.1,2.10,0.68,255,255,255|N,75.9,2.07,0.67,255,255,255|E,77.3,2.09,0.67,255,255,255|T,79.0,2.11,0.68,255,255,255|I,89.2,2.24,0.73,255,255,255|C,90.3,2.25,0.73,255,255,255|K,91.4,2.27,0.74,255,255,255|I,90.4,2.25,0.73,255,255,255|N,88.9,2.24,0.73,255,255,255|E,88.3,2.23,0.72,255,255,255|T,87.1,2.21,0.72,255,255,255|I,84.8,2.18,0.71,255,255,255|C,86.0,2.20,0.71,255,255,255|K,84.8,2.18,0.71,255,255,255|I,84.8,2.18,0.71,255,255,255|N,85.6,2.20,0.71,255,255,255|E,85.1,2.19,0.71,255,255,255|T,85.3,2.19,0.71,255,255,255|I,85.3,2.19,0.71,255,255,255|C,82.3,2.15,0.70,255,255,255|K,83.7,2.17,0.70,255,255,255|I,83.0,2.16,0.70,255,255,255|
N,84.5,2.18,0.71,255,255,255|E,86.1,2.20,0.71,255,255,255|T,86.0,2.20,0.71,255,255,255|I,86.8,2.21,0.72,255,255,255|C,87.8,2.22,0.72,255,255,255|K,89.7,2.25,0.73,255,255,255|I,91.5,2.27,0.74,255,255,255|N,93.3,2.29,0.74,255,255,255|E,94.3,2.30,0.75,255,255,255|T,95.1,2.31,0.75,255,255,255|I,96.9,2.34,0.76,255,255,255|C,99.5,2.37,0.77,255,255,255|K,101.6,2.39,0.78,255,255,255|I,104.0,2.42,0.79,255,255,255|N,106.4,2.46,0.80,255,255,255|E,107.8,2.47,0.81,255,255,255|T,107.4,2.47,0.81,255,255,255|I,106.0,2.45,0.80,255,255,255|C,106.7,2.46,0.81,255,255,255|K,113.6,2.55,0.84,255,255,255|I,113.4,2.54,0.84,255,255,255|N,73.4,2.04,0.66,255,255,255|E,-7.9,1.03,0.29,255,255,255|T,0,1,0,0,0,0|I,0,1,0,0,0,0|C,0,1,0,0,0,0|K,0,1,0,0,0,0|I,0,1,0,0,0,0|N,0,1,0,0,0,0|E,0,1,0,0,0,0|T,0,1,0,0,0,0|I,0,1,0,0,0,0|C,0,1,0,0,0,0|K,0,1,0,0,0,0|I,0,1,0,0,0,0|N,0,1,0,0,0,0|E,0,1,0,0,0,0|T,0,1,0,0,0,0|I,0,1,0,0,0,0|C,0,1,0,0,0,0|K,0,1,0,0,0,0|I,0,1,0,0,0,0|N,0,1,0,0,0,0|E,0,1,0,0,0,0|T,0,1,0,0,0,0|I,0,1,0,0,0,0|C,0,1,0,0,0,0|K,0,1,0,0,0,0|I,0,1,0,0,0,0|N,0,1,0,0,0,0|E,0,1,0,0,0,0|T,0,1,0,0,0,0|I,0,1,0,0,0,0|C,0,1,0,0,0,0|K,0,1,0,0,0,0|I,0,1,0,0,0,0|N,0,1,0,0,0,0|E,0,1,0,0,0,0|T,0,1,0,0,0,0|I,0,1,0,0,0,0|C,0,1,0,0,0,0|K,0,1,0,0,0,0|I,-10.2,1.00,0.28,255,255,255|N,61.1,1.89,0.60,255,255,255|E,72.2,2.03,0.65,255,255,255|T,82.8,2.16,0.70,255,255,255|I,116.3,2.58,0.85,255,255,255|C,135.8,2.82,0.94,255,255,255|K,132.7,2.78,0.92,255,255,255|I,129.1,2.74,0.91,255,255,255|N,143.6,2.92,0.97,255,255,255|E,-10.1,1.00,0.28,255,255,255|T,0,1,0,0,0,0|I,0,1,0,0,0,0|C,0,1,0,0,0,0|K,0,1,0,0,0,0|I,0,1,0,0,0,0|N,8.0,1.23,0.36,255,255,255|E,86.9,2.21,0.72,255,255,255|T,89.7,2.25,0.73,255,255,255|I,84.5,2.18,0.71,255,255,255|C,77.7,2.10,0.67,255,255,255|K,79.0,2.11,0.68,255,255,255|I,80.1,2.13,0.69,255,255,255|N,91.8,2.27,0.74,255,255,255|E,94.4,2.30,0.75,255,255,255|T,91.2,2.27,0.74,255,255,255|I,88.7,2.23,0.72,255,255,255|C,87.5,2.22,0.72,255,255,255|K,87.1,2.21,0.72,255,255,255|I,87.8,2.22,0.72,255,255,255|N,87.9,2.22,0.72,255,255,255|E,87.6,2.22,0.72,255,255,255|T,86.3,2.20,0.71,255,255,255|I,86.0,2.20,0.71,255,255,255|C,84.7,2.18,0.71,255,255,255|K,83.4,2.17,0.70,255,255,255|I,84.0,2.17,0.70,255,255,255|N,84.7,2.18,0.71,255,255,255|E,83.9,2.17,0.70,255,255,255|
T,87.0,2.21,0.72,255,255,255|I,86.9,2.21,0.72,255,255,255|C,88.7,2.23,0.72,255,255,255|K,88.5,2.23,0.72,255,255,255|I,89.6,2.24,0.73,255,255,255|N,91.3,2.27,0.74,255,255,255|E,92.5,2.28,0.74,255,255,255|T,93.8,2.30,0.75,255,255,255|I,95.9,2.32,0.76,255,255,255|C,97.9,2.35,0.77,255,255,255|K,98.9,2.36,0.77,255,255,255|I,101.4,2.39,0.78,255,255,255|N,102.7,2.41,0.79,255,255,255|E,104.2,2.43,0.79,255,255,255|T,102.4,2.40,0.79,255,255,255|I,104.2,2.43,0.79,255,255,255|C,107.4,2.47,0.81,255,255,255|K,112.0,2.52,0.83,255,255,255|I,112.3,2.53,0.83,255,255,255|N,76.9,2.09,0.67,255,255,255|E,13.1,1.29,0.38,255,255,255|T,-36.4,0.67,0.16,255,255,255|I,0,1,0,0,0,0|C,0,1,0,0,0,0|K,0,1,0,0,0,0|I,0,1,0,0,0,0|N,0,1,0,0,0,0|E,0,1,0,0,0,0|T,0,1,0,0,0,0|I,0,1,0,0,0,0|C,0,1,0,0,0,0|K,0,1,0,0,0,0|I,0,1,0,0,0,0|N,0,1,0,0,0,0|E,0,1,0,0,0,0|T,0,1,0,0,0,0|I,0,1,0,0,0,0|C,0,1,0,0,0,0|K,0,1,0,0,0,0|I,0,1,0,0,0,0|N,0,1,0,0,0,0|E,0,1,0,0,0,0|T,0,1,0,0,0,0|I,0,1,0,0,0,0|C,0,1,0,0,0,0|K,0,1,0,0,0,0|I,0,1,0,0,0,0|N,0,1,0,0,0,0|E,0,1,0,0,0,0|T,0,1,0,0,0,0|I,0,1,0,0,0,0|C,0,1,0,0,0,0|K,0,1,0,0,0,0|I,0,1,0,0,0,0|N,0,1,0,0,0,0|E,0,1,0,0,0,0|T,0,1,0,0,0,0|I,0,1,0,0,0,0|C,0,1,0,0,0,0|K,0,1,0,0,0,0|I,-37.5,0.66,0.16,255,255,255|N,3.8,1.17,0.34,255,255,255|E,68.6,1.98,0.63,255,255,255|T,92.1,2.28,0.74,255,255,255|I,113.2,2.54,0.83,255,255,255|C,132.7,2.78,0.92,255,255,255|K,134.4,2.81,0.93,255,255,255|I,132.7,2.78,0.92,255,255,255|N,132.3,2.78,0.92,255,255,255|E,132.6,2.78,0.92,255,255,255|T,134.1,2.80,0.93,255,255,255|I,-23.2,0.84,0.22,255,255,255|C,0,1,0,0,0,0|K,0,1,0,0,0,0|I,0,1,0,0,0,0|N,0,1,0,0,0,0|E,0,1,0,0,0,0|T,0,1,0,0,0,0|I,-28.7,0.77,0.20,255,255,255|C,8.7,1.23,0.36,255,255,255|K,53.5,1.79,0.57,255,255,255|I,87.6,2.22,0.72,255,255,255|N,87.6,2.22,0.72,255,255,255|E,82.1,2.15,0.69,255,255,255|T,92.5,2.28,0.74,255,255,255|I,93.1,2.29,0.74,255,255,255|C,91.7,2.27,0.74,255,255,255|K,90.7,2.26,0.73,255,255,255|I,90.0,2.25,0.73,255,255,255|N,89.9,2.25,0.73,255,255,255|E,88.7,2.23,0.72,255,255,255|T,88.9,2.24,0.73,255,255,255|I,88.2,2.23,0.72,255,255,255|C,87.0,2.21,0.72,255,255,255|K,84.7,2.18,0.71,255,255,255|I,83.9,2.17,0.70,255,255,255|N,84.3,2.18,0.70,255,255,255|E,85.4,2.19,0.71,255,255,255|T,84.9,2.19,0.71,255,255,255|I,85.9,2.20,0.71,255,255,255|
C,84.5,2.18,0.71,255,255,255|K,87.3,2.22,0.72,255,255,255|I,89.3,2.24,0.73,255,255,255|N,90.3,2.25,0.73,255,255,255|E,91.3,2.27,0.74,255,255,255|T,91.9,2.27,0.74,255,255,255|I,93.6,2.30,0.75,255,255,255|C,96.0,2.33,0.76,255,255,255|K,97.2,2.34,0.76,255,255,255|I,97.9,2.35,0.77,255,255,255|N,98.5,2.36,0.77,255,255,255|E,100.0,2.37,0.77,255,255,255|T,105.4,2.44,0.80,255,255,255|I,109.0,2.49,0.82,255,255,255|C,112.9,2.54,0.83,255,255,255|K,111.7,2.52,0.83,255,255,255|I,96.5,2.33,0.76,255,255,255|N,68.5,1.98,0.63,255,255,255|E,23.8,1.42,0.43,255,255,255|T,-27.8,0.78,0.20,255,255,255|I,0,1,0,0,0,0|C,0,1,0,0,0,0|K,0,1,0,0,0,0|I,0,1,0,0,0,0|N,0,1,0,0,0,0|E,0,1,0,0,0,0|T,0,1,0,0,0,0|I,0,1,0,0,0,0|C,0,1,0,0,0,0|K,0,1,0,0,0,0|I,0,1,0,0,0,0|N,0,1,0,0,0,0|E,0,1,0,0,0,0|T,0,1,0,0,0,0|I,0,1,0,0,0,0|C,0,1,0,0,0,0|K,0,1,0,0,0,0|I,0,1,0,0,0,0|N,0,1,0,0,0,0|E,0,1,0,0,0,0|T,0,1,0,0,0,0|I,0,1,0,0,0,0|C,0,1,0,0,0,0|K,0,1,0,0,0,0|I,0,1,0,0,0,0|N,0,1,0,0,0,0|E,0,1,0,0,0,0|T,0,1,0,0,0,0|I,0,1,0,0,0,0|C,0,1,0,0,0,0|K,0,1,0,0,0,0|I,0,1,0,0,0,0|N,0,1,0,0,0,0|E,0,1,0,0,0,0|T,0,1,0,0,0,0|I,0,1,0,0,0,0|C,0,1,0,0,0,0|K,0,1,0,0,0,0|I,0,1,0,0,0,0|N,0,1,0,0,0,0|E,-11.5,0.98,0.27,255,255,255|T,74.4,2.05,0.66,255,255,255|I,122.3,2.65,0.88,255,255,255|C,133.0,2.79,0.92,255,255,255|K,134.0,2.80,0.93,255,255,255|I,132.4,2.78,0.92,255,255,255|N,132.8,2.79,0.92,255,255,255|E,133.3,2.79,0.92,255,255,255|T,131.8,2.77,0.92,255,255,255|I,139.4,2.87,0.95,255,255,255|C,103.8,2.42,0.79,255,255,255|K,0,1,0,0,0,0|I,0,1,0,0,0,0|N,0,1,0,0,0,0|E,0,1,0,0,0,0|T,0,1,0,0,0,0|I,0,1,0,0,0,0|C,0,1,0,0,0,0|K,0,1,0,0,0,0|I,0,1,0,0,0,0|N,0,1,0,0,0,0|E,-2.0,1.10,0.32,255,255,255|T,46.5,1.71,0.53,255,255,255|I,66.1,1.95,0.62,255,255,255|C,83.6,2.17,0.70,255,255,255|K,93.4,2.29,0.75,255,255,255|I,93.5,2.29,0.75,255,255,255|N,84.3,2.18,0.70,255,255,255|E,79.5,2.12,0.68,255,255,255|T,76.1,2.08,0.67,255,255,255|I,86.1,2.20,0.71,255,255,255|C,88.8,2.24,0.72,255,255,255|K,88.2,2.23,0.72,255,255,255|I,85.8,2.20,0.71,255,255,255|N,85.7,2.20,0.71,255,255,255|E,85.1,2.19,0.71,255,255,255|T,86.5,2.21,0.71,255,255,255|I,84.2,2.18,0.70,255,255,255|C,83.7,2.17,0.70,255,255,255|K,84.6,2.18,0.71,255,255,255|
I,87.4,2.22,0.72,255,255,255|N,90.3,2.25,0.73,255,255,255|E,90.3,2.25,0.73,255,255,255|T,92.1,2.28,0.74,255,255,255|I,93.3,2.29,0.74,255,255,255|C,93.3,2.29,0.74,255,255,255|K,95.4,2.32,0.75,255,255,255|I,96.0,2.32,0.76,255,255,255|N,98.2,2.35,0.77,255,255,255|E,102.9,2.41,0.79,255,255,255|T,108.6,2.48,0.81,255,255,255|I,110.2,2.50,0.82,255,255,255|C,100.7,2.38,0.78,255,255,255|K,82.0,2.15,0.69,255,255,255|I,50.1,1.75,0.55,255,255,255|N,17.9,1.35,0.41,255,255,255|E,-16.2,0.92,0.25,255,255,255|T,-25.8,0.80,0.21,255,255,255|I,-38.9,0.64,0.15,255,255,255|C,0,1,0,0,0,0|K,0,1,0,0,0,0|I,0,1,0,0,0,0|N,0,1,0,0,0,0|E,0,1,0,0,0,0|T,0,1,0,0,0,0|I,0,1,0,0,0,0|C,0,1,0,0,0,0|K,0,1,0,0,0,0|I,0,1,0,0,0,0|N,0,1,0,0,0,0|E,0,1,0,0,0,0|T,0,1,0,0,0,0|I,0,1,0,0,0,0|C,0,1,0,0,0,0|K,0,1,0,0,0,0|I,0,1,0,0,0,0|N,0,1,0,0,0,0|E,0,1,0,0,0,0|T,0,1,0,0,0,0|I,0,1,0,0,0,0|C,0,1,0,0,0,0|K,0,1,0,0,0,0|I,0,1,0,0,0,0|N,0,1,0,0,0,0|E,0,1,0,0,0,0|T,0,1,0,0,0,0|I,0,1,0,0,0,0|C,0,1,0,0,0,0|K,0,1,0,0,0,0|I,0,1,0,0,0,0|N,0,1,0,0,0,0|E,0,1,0,0,0,0|T,0,1,0,0,0,0|I,0,1,0,0,0,0|C,0,1,0,0,0,0|K,0,1,0,0,0,0|I,0,1,0,0,0,0|N,0,1,0,0,0,0|E,-32.8,0.71,0.18,255,255,255|T,1.8,1.15,0.33,255,255,255|I,56.8,1.83,0.58,255,255,255|C,126.4,2.70,0.89,255,255,255|K,133.4,2.79,0.93,255,255,255|I,130.5,2.76,0.91,255,255,255|N,131.0,2.76,0.91,255,255,255|E,131.2,2.76,0.92,255,255,255|T,132.5,2.78,0.92,255,255,255|I,133.5,2.79,0.93,255,255,255|C,129.4,2.74,0.91,255,255,255|K,146.1,2.95,0.98,255,255,255|I,40.8,1.63,0.51,255,255,255|N,0,1,0,0,0,0|E,0,1,0,0,0,0|T,0,1,0,0,0,0|I,0,1,0,0,0,0|C,0,1,0,0,0,0|K,0,1,0,0,0,0|I,0,1,0,0,0,0|N,0,1,0,0,0,0|E,0,1,0,0,0,0|T,0,1,0,0,0,0|I,0,1,0,0,0,0|C,0,1,0,0,0,0|K,0,1,0,0,0,0|I,-31.9,0.73,0.18,255,255,255|N,-11.8,0.98,0.27,255,255,255|E,14.2,1.30,0.39,255,255,255|T,47.9,1.72,0.54,255,255,255|I,72.9,2.04,0.65,255,255,255|C,85.1,2.19,0.71,255,255,255|K,102.2,2.40,0.78,255,255,255|I,98.4,2.35,0.77,255,255,255|N,88.4,2.23,0.72,255,255,255|E,84.7,2.18,0.71,255,255,255|T,84.0,2.18,0.70,255,255,255|I,85.4,2.19,0.71,255,255,255|C,85.1,2.19,0.71,255,255,255|K,83.5,2.17,0.70,255,255,255|I,85.5,2.19,0.71,255,255,255|N,85.6,2.20,0.71,255,255,255|
E,91.2,2.27,0.74,255,255,255|T,92.7,2.28,0.74,255,255,255|I,94.7,2.31,0.75,255,255,255|C,93.5,2.29,0.75,255,255,255|K,93.7,2.30,0.75,255,255,255|I,98.2,2.35,0.77,255,255,255|N,102.6,2.41,0.79,255,255,255|E,109.1,2.49,0.82,255,255,255|T,102.7,2.41,0.79,255,255,255|I,90.3,2.25,0.73,255,255,255|C,58.9,1.86,0.59,255,255,255|K,25.2,1.44,0.44,255,255,255|I,-3.2,1.09,0.31,255,255,255|N,-18.8,0.89,0.24,255,255,255|E,-30.9,0.74,0.19,255,255,255|T,0,1,0,0,0,0|I,0,1,0,0,0,0|C,0,1,0,0,0,0|K,0,1,0,0,0,0|I,0,1,0,0,0,0|N,0,1,0,0,0,0|E,0,1,0,0,0,0|T,0,1,0,0,0,0|I,0,1,0,0,0,0|C,0,1,0,0,0,0|K,0,1,0,0,0,0|I,0,1,0,0,0,0|N,0,1,0,0,0,0|E,0,1,0,0,0,0|T,0,1,0,0,0,0|I,0,1,0,0,0,0|C,0,1,0,0,0,0|K,0,1,0,0,0,0|I,0,1,0,0,0,0|N,0,1,0,0,0,0|E,0,1,0,0,0,0|T,0,1,0,0,0,0|I,0,1,0,0,0,0|C,0,1,0,0,0,0|K,0,1,0,0,0,0|I,0,1,0,0,0,0|N,0,1,0,0,0,0|E,0,1,0,0,0,0|T,0,1,0,0,0,0|I,0,1,0,0,0,0|C,0,1,0,0,0,0|K,0,1,0,0,0,0|I,0,1,0,0,0,0|N,0,1,0,0,0,0|E,0,1,0,0,0,0|T,0,1,0,0,0,0|I,0,1,0,0,0,0|C,0,1,0,0,0,0|K,0,1,0,0,0,0|I,0,1,0,0,0,0|N,0,1,0,0,0,0|E,-21.5,0.86,0.23,255,255,255|T,24.2,1.43,0.43,255,255,255|I,66.7,1.96,0.63,255,255,255|C,94.6,2.31,0.75,255,255,255|K,124.8,2.69,0.89,255,255,255|I,132.3,2.78,0.92,255,255,255|N,130.9,2.76,0.91,255,255,255|E,131.8,2.77,0.92,255,255,255|T,131.8,2.77,0.92,255,255,255|I,131.8,2.77,0.92,255,255,255|C,131.8,2.77,0.92,255,255,255|K,130.2,2.75,0.91,255,255,255|I,133.6,2.79,0.93,255,255,255|N,122.9,2.66,0.88,255,255,255|E,-16.7,0.92,0.25,255,255,255|T,0,1,0,0,0,0|I,0,1,0,0,0,0|C,0,1,0,0,0,0|K,0,1,0,0,0,0|I,0,1,0,0,0,0|N,0,1,0,0,0,0|E,0,1,0,0,0,0|T,0,1,0,0,0,0|I,0,1,0,0,0,0|C,0,1,0,0,0,0|K,0,1,0,0,0,0|I,0,1,0,0,0,0|N,0,1,0,0,0,0|E,0,1,0,0,0,0|T,0,1,0,0,0,0|I,0,1,0,0,0,0|C,0,1,0,0,0,0|K,0,1,0,0,0,0|I,-15.7,0.93,0.25,255,255,255|N,18.6,1.36,0.41,255,255,255|E,63.0,1.91,0.61,255,255,255|T,87.3,2.22,0.72,255,255,255|I,99.8,2.37,0.77,255,255,255|C,95.8,2.32,0.76,255,255,255|K,88.6,2.23,0.72,255,255,255|I,85.6,2.19,0.71,255,255,255|N,85.0,2.19,0.71,255,255,255|E,84.4,2.18,0.70,255,255,255|T,86.5,2.21,0.71,255,255,255|
I,89.3,2.24,0.73,255,255,255|C,92.9,2.29,0.74,255,255,255|K,99.2,2.36,0.77,255,255,255|I,103.8,2.42,0.79,255,255,255|N,104.4,2.43,0.79,255,255,255|E,90.5,2.26,0.73,255,255,255|T,66.2,1.95,0.62,255,255,255|I,36.7,1.58,0.49,255,255,255|C,7.0,1.21,0.36,255,255,255|K,-16.4,0.92,0.25,255,255,255|I,-23.9,0.83,0.22,255,255,255|N,-25.8,0.80,0.21,255,255,255|E,-32.3,0.72,0.18,255,255,255|T,0,1,0,0,0,0|I,0,1,0,0,0,0|C,0,1,0,0,0,0|K,0,1,0,0,0,0|I,0,1,0,0,0,0|N,0,1,0,0,0,0|E,0,1,0,0,0,0|T,0,1,0,0,0,0|I,0,1,0,0,0,0|C,0,1,0,0,0,0|K,0,1,0,0,0,0|I,0,1,0,0,0,0|N,0,1,0,0,0,0|E,0,1,0,0,0,0|T,0,1,0,0,0,0|I,0,1,0,0,0,0|C,0,1,0,0,0,0|K,0,1,0,0,0,0|I,0,1,0,0,0,0|N,0,1,0,0,0,0|E,0,1,0,0,0,0|T,0,1,0,0,0,0|I,0,1,0,0,0,0|C,0,1,0,0,0,0|K,0,1,0,0,0,0|I,0,1,0,0,0,0|N,0,1,0,0,0,0|E,0,1,0,0,0,0|T,0,1,0,0,0,0|I,0,1,0,0,0,0|C,0,1,0,0,0,0|K,0,1,0,0,0,0|I,0,1,0,0,0,0|N,0,1,0,0,0,0|E,0,1,0,0,0,0|T,0,1,0,0,0,0|I,0,1,0,0,0,0|C,0,1,0,0,0,0|K,0,1,0,0,0,0|I,0,1,0,0,0,0|N,-8.8,1.02,0.29,255,255,255|E,39.1,1.61,0.50,255,255,255|T,68.3,1.98,0.63,255,255,255|I,76.6,2.08,0.67,255,255,255|C,86.1,2.20,0.71,255,255,255|K,88.2,2.23,0.72,255,255,255|I,114.5,2.56,0.84,255,255,255|N,134.9,2.81,0.93,255,255,255|E,131.7,2.77,0.92,255,255,255|T,132.7,2.78,0.92,255,255,255|I,132.0,2.78,0.92,255,255,255|C,130.9,2.76,0.91,255,255,255|K,131.8,2.77,0.92,255,255,255|I,132.2,2.78,0.92,255,255,255|N,129.6,2.74,0.91,255,255,255|E,142.6,2.91,0.97,255,255,255|T,66.5,1.96,0.62,255,255,255|I,0,1,0,0,0,0|C,0,1,0,0,0,0|K,0,1,0,0,0,0|I,0,1,0,0,0,0|N,0,1,0,0,0,0|E,0,1,0,0,0,0|T,0,1,0,0,0,0|I,0,1,0,0,0,0|C,0,1,0,0,0,0|K,0,1,0,0,0,0|I,0,1,0,0,0,0|N,0,1,0,0,0,0|E,0,1,0,0,0,0|T,0,1,0,0,0,0|I,0,1,0,0,0,0|C,0,1,0,0,0,0|K,0,1,0,0,0,0|I,0,1,0,0,0,0|N,0,1,0,0,0,0|E,0,1,0,0,0,0|T,0,1,0,0,0,0|I,0,1,0,0,0,0|C,-33.0,0.71,0.18,255,255,255|K,-4.8,1.07,0.30,255,255,255|I,29.6,1.50,0.46,255,255,255|N,66.3,1.95,0.62,255,255,255|E,87.6,2.22,0.72,255,255,255|T,98.5,2.36,0.77,255,255,255|I,96.4,2.33,0.76,255,255,255|C,90.0,2.25,0.73,255,255,255|
K,100.6,2.38,0.78,255,255,255|I,94.0,2.30,0.75,255,255,255|N,75.6,2.07,0.67,255,255,255|E,43.0,1.66,0.52,255,255,255|T,14.2,1.30,0.39,255,255,255|I,-10.7,0.99,0.28,255,255,255|C,-23.8,0.83,0.22,255,255,255|K,-25.0,0.81,0.21,255,255,255|I,-24.5,0.82,0.21,255,255,255|N,-24.4,0.82,0.22,255,255,255|E,-29.1,0.76,0.19,255,255,255|T,0,1,0,0,0,0|I,0,1,0,0,0,0|C,0,1,0,0,0,0|K,0,1,0,0,0,0|I,0,1,0,0,0,0|N,0,1,0,0,0,0|E,0,1,0,0,0,0|T,0,1,0,0,0,0|I,0,1,0,0,0,0|C,0,1,0,0,0,0|K,0,1,0,0,0,0|I,0,1,0,0,0,0|N,0,1,0,0,0,0|E,0,1,0,0,0,0|T,0,1,0,0,0,0|I,0,1,0,0,0,0|C,0,1,0,0,0,0|K,0,1,0,0,0,0|I,0,1,0,0,0,0|N,0,1,0,0,0,0|E,0,1,0,0,0,0|T,0,1,0,0,0,0|I,0,1,0,0,0,0|C,0,1,0,0,0,0|K,0,1,0,0,0,0|I,0,1,0,0,0,0|N,0,1,0,0,0,0|E,0,1,0,0,0,0|T,0,1,0,0,0,0|I,0,1,0,0,0,0|C,-29.2,0.76,0.19,255,255,255|K,-4.7,1.07,0.30,255,255,255|I,19.0,1.36,0.41,255,255,255|N,34.0,1.55,0.48,255,255,255|E,22.0,1.40,0.42,255,255,255|T,-16.0,0.93,0.25,255,255,255|I,0,1,0,0,0,0|C,0,1,0,0,0,0|K,0,1,0,0,0,0|I,-27.2,0.78,0.20,255,255,255|N,36.5,1.58,0.49,255,255,255|E,70.1,2.00,0.64,255,255,255|T,86.2,2.20,0.71,255,255,255|I,87.4,2.22,0.72,255,255,255|C,87.0,2.21,0.72,255,255,255|K,83.7,2.17,0.70,255,255,255|I,79.1,2.11,0.68,255,255,255|N,96.2,2.33,0.76,255,255,255|E,128.8,2.73,0.90,255,255,255|T,130.9,2.76,0.91,255,255,255|I,131.6,2.77,0.92,255,255,255|C,132.7,2.78,0.92,255,255,255|K,132.7,2.78,0.92,255,255,255|I,133.0,2.79,0.92,255,255,255|N,133.2,2.79,0.92,255,255,255|E,132.4,2.78,0.92,255,255,255|T,135.6,2.82,0.94,255,255,255|I,125.4,2.69,0.89,255,255,255|C,5.5,1.19,0.35,255,255,255|K,0,1,0,0,0,0|I,0,1,0,0,0,0|N,0,1,0,0,0,0|E,0,1,0,0,0,0|T,0,1,0,0,0,0|I,0,1,0,0,0,0|C,0,1,0,0,0,0|K,0,1,0,0,0,0|I,0,1,0,0,0,0|N,0,1,0,0,0,0|E,0,1,0,0,0,0|T,0,1,0,0,0,0|I,0,1,0,0,0,0|C,0,1,0,0,0,0|K,0,1,0,0,0,0|I,0,1,0,0,0,0|N,0,1,0,0,0,0|E,0,1,0,0,0,0|T,0,1,0,0,0,0|I,0,1,0,0,0,0|C,0,1,0,0,0,0|K,0,1,0,0,0,0|I,0,1,0,0,0,0|N,0,1,0,0,0,0|E,0,1,0,0,0,0|T,0,1,0,0,0,0|I,-28.3,0.77,0.20,255,255,255|C,0.3,1.13,0.33,255,255,255|K,36.1,1.58,0.49,255,255,255|I,70.5,2.01,0.64,255,255,255|
N,19.8,1.37,0.41,255,255,255|E,-4.9,1.06,0.30,255,255,255|T,-22.2,0.85,0.23,255,255,255|I,-25.1,0.81,0.21,255,255,255|C,-24.5,0.82,0.21,255,255,255|K,-24.0,0.83,0.22,255,255,255|I,-23.2,0.84,0.22,255,255,255|N,-21.9,0.85,0.23,255,255,255|E,-28.8,0.77,0.20,255,255,255|T,-38.0,0.65,0.15,255,255,255|I,0,1,0,0,0,0|C,0,1,0,0,0,0|K,0,1,0,0,0,0|I,0,1,0,0,0,0|N,0,1,0,0,0,0|E,0,1,0,0,0,0|T,0,1,0,0,0,0|I,0,1,0,0,0,0|C,0,1,0,0,0,0|K,0,1,0,0,0,0|I,0,1,0,0,0,0|N,0,1,0,0,0,0|E,0,1,0,0,0,0|T,0,1,0,0,0,0|I,0,1,0,0,0,0|C,0,1,0,0,0,0|K,0,1,0,0,0,0|I,0,1,0,0,0,0|N,0,1,0,0,0,0|E,0,1,0,0,0,0|T,0,1,0,0,0,0|I,0,1,0,0,0,0|C,0,1,0,0,0,0|K,0,1,0,0,0,0|I,0,1,0,0,0,0|N,0,1,0,0,0,0|E,0,1,0,0,0,0|T,0,1,0,0,0,0|I,0,1,0,0,0,0|C,0,1,0,0,0,0|K,-20.9,0.86,0.23,255,255,255|I,47.3,1.72,0.54,255,255,255|N,84.2,2.18,0.70,255,255,255|E,86.2,2.20,0.71,255,255,255|T,89.5,2.24,0.73,255,255,255|I,58.1,1.85,0.59,255,255,255|C,-7.3,1.03,0.29,255,255,255|K,-13.3,0.96,0.27,255,255,255|I,-15.3,0.93,0.26,255,255,255|N,-23.8,0.83,0.22,255,255,255|E,-25.2,0.81,0.21,255,255,255|T,29.7,1.50,0.46,255,255,255|I,99.3,2.37,0.77,255,255,255|C,85.9,2.20,0.71,255,255,255|K,82.5,2.16,0.70,255,255,255|I,86.5,2.21,0.71,255,255,255|N,97.7,2.35,0.76,255,255,255|E,112.3,2.53,0.83,255,255,255|T,128.0,2.72,0.90,255,255,255|I,131.4,2.77,0.92,255,255,255|C,131.3,2.77,0.92,255,255,255|K,131.5,2.77,0.92,255,255,255|I,131.5,2.77,0.92,255,255,255|N,131.8,2.77,0.92,255,255,255|E,132.7,2.78,0.92,255,255,255|T,133.7,2.80,0.93,255,255,255|I,131.5,2.77,0.92,255,255,255|C,143.3,2.92,0.97,255,255,255|K,71.6,2.02,0.65,255,255,255|I,-29.4,0.76,0.19,255,255,255|N,0,1,0,0,0,0|E,0,1,0,0,0,0|T,0,1,0,0,0,0|I,0,1,0,0,0,0|C,0,1,0,0,0,0|K,0,1,0,0,0,0|I,0,1,0,0,0,0|N,0,1,0,0,0,0|E,0,1,0,0,0,0|T,0,1,0,0,0,0|I,0,1,0,0,0,0|C,0,1,0,0,0,0|K,0,1,0,0,0,0|I,0,1,0,0,0,0|N,0,1,0,0,0,0|E,0,1,0,0,0,0|T,0,1,0,0,0,0|I,0,1,0,0,0,0|C,0,1,0,0,0,0|K,0,1,0,0,0,0|I,0,1,0,0,0,0|N,0,1,0,0,0,0|E,0,1,0,0,0,0|T,0,1,0,0,0,0|I,0,1,0,0,0,0|C,0,1,0,0,0,0|K,0,1,0,0,0,0|I,0,1,0,0,0,0|N,0,1,0,0,0,0|E,0,1,0,0,0,0|
T,-25.0,0.81,0.21,255,255,255|I,-23.8,0.83,0.22,255,255,255|C,-23.5,0.83,0.22,255,255,255|K,-22.7,0.84,0.22,255,255,255|I,-20.9,0.86,0.23,255,255,255|N,-23.7,0.83,0.22,255,255,255|E,-27.1,0.79,0.20,255,255,255|T,-32.0,0.72,0.18,255,255,255|I,0,1,0,0,0,0|C,0,1,0,0,0,0|K,0,1,0,0,0,0|I,0,1,0,0,0,0|N,0,1,0,0,0,0|E,0,1,0,0,0,0|T,0,1,0,0,0,0|I,0,1,0,0,0,0|C,0,1,0,0,0,0|K,0,1,0,0,0,0|I,0,1,0,0,0,0|N,0,1,0,0,0,0|E,0,1,0,0,0,0|T,0,1,0,0,0,0|I,0,1,0,0,0,0|C,0,1,0,0,0,0|K,0,1,0,0,0,0|I,0,1,0,0,0,0|N,0,1,0,0,0,0|E,0,1,0,0,0,0|T,0,1,0,0,0,0|I,0,1,0,0,0,0|C,0,1,0,0,0,0|K,0,1,0,0,0,0|I,0,1,0,0,0,0|N,0,1,0,0,0,0|E,0,1,0,0,0,0|T,0,1,0,0,0,0|I,0,1,0,0,0,0|C,0,1,0,0,0,0|K,0,1,0,0,0,0|I,0,1,0,0,0,0|N,-13.0,0.96,0.27,255,255,255|E,54.6,1.81,0.57,255,255,255|T,83.7,2.17,0.70,255,255,255|I,80.6,2.13,0.69,255,255,255|C,-6.1,1.05,0.30,255,255,255|K,0,1,0,0,0,0|I,-34.3,0.70,0.17,255,255,255|N,-22.0,0.85,0.23,255,255,255|E,-17.1,0.91,0.25,255,255,255|T,-11.5,0.98,0.27,255,255,255|I,-18.4,0.89,0.24,255,255,255|C,0,1,0,0,0,0|K,-2.5,1.09,0.31,255,255,255|I,136.9,2.84,0.94,255,255,255|N,124.1,2.68,0.88,255,255,255|E,127.9,2.72,0.90,255,255,255|T,132.8,2.79,0.92,255,255,255|I,135.0,2.81,0.93,255,255,255|C,132.7,2.78,0.92,255,255,255|K,131.0,2.76,0.91,255,255,255|I,131.5,2.77,0.92,255,255,255|N,132.6,2.78,0.92,255,255,255|E,133.8,2.80,0.93,255,255,255|T,133.8,2.80,0.93,255,255,255|I,133.0,2.79,0.92,255,255,255|C,132.1,2.78,0.92,255,255,255|K,134.3,2.80,0.93,255,255,255|I,131.1,2.76,0.92,255,255,255|N,15.9,1.32,0.40,255,255,255|E,0,1,0,0,0,0|T,0,1,0,0,0,0|I,0,1,0,0,0,0|C,0,1,0,0,0,0|K,0,1,0,0,0,0|I,0,1,0,0,0,0|N,0,1,0,0,0,0|E,0,1,0,0,0,0|T,0,1,0,0,0,0|I,0,1,0,0,0,0|C,0,1,0,0,0,0|K,0,1,0,0,0,0|I,0,1,0,0,0,0|N,0,1,0,0,0,0|E,0,1,0,0,0,0|T,0,1,0,0,0,0|I,0,1,0,0,0,0|C,0,1,0,0,0,0|K,0,1,0,0,0,0|I,0,1,0,0,0,0|N,0,1,0,0,0,0|E,0,1,0,0,0,0|T,0,1,0,0,0,0|I,0,1,0,0,0,0|C,0,1,0,0,0,0|K,0,1,0,0,0,0|I,0,1,0,0,0,0|N,0,1,0,0,0,0|E,0,1,0,0,0,0|T,0,1,0,0,0,0|I,0,1,0,0,0,0|
C,-20.1,0.87,0.23,255,255,255|K,-21.0,0.86,0.23,255,255,255|I,-22.6,0.84,0.22,255,255,255|N,-24.4,0.82,0.21,255,255,255|E,-26.1,0.80,0.21,255,255,255|T,-28.1,0.77,0.20,255,255,255|I,-35.5,0.68,0.17,255,255,255|C,0,1,0,0,0,0|K,0,1,0,0,0,0|I,0,1,0,0,0,0|N,0,1,0,0,0,0|E,0,1,0,0,0,0|T,0,1,0,0,0,0|I,0,1,0,0,0,0|C,0,1,0,0,0,0|K,0,1,0,0,0,0|I,0,1,0,0,0,0|N,0,1,0,0,0,0|E,0,1,0,0,0,0|T,0,1,0,0,0,0|I,0,1,0,0,0,0|C,0,1,0,0,0,0|K,0,1,0,0,0,0|I,0,1,0,0,0,0|N,0,1,0,0,0,0|E,0,1,0,0,0,0|T,0,1,0,0,0,0|I,0,1,0,0,0,0|C,0,1,0,0,0,0|K,0,1,0,0,0,0|I,0,1,0,0,0,0|N,0,1,0,0,0,0|E,0,1,0,0,0,0|T,0,1,0,0,0,0|I,0,1,0,0,0,0|C,0,1,0,0,0,0|K,0,1,0,0,0,0|I,0,1,0,0,0,0|N,0,1,0,0,0,0|E,0,1,0,0,0,0|T,-36.3,0.67,0.16,255,255,255|I,17.1,1.34,0.40,255,255,255|C,76.1,2.08,0.67,255,255,255|K,-14.9,0.94,0.26,255,255,255|I,0,1,0,0,0,0|N,0,1,0,0,0,0|E,-16.1,0.92,0.25,255,255,255|T,-8.3,1.02,0.29,255,255,255|I,1.7,1.15,0.33,255,255,255|C,-10.7,0.99,0.28,255,255,255|K,0,1,0,0,0,0|I,0,1,0,0,0,0|N,0,1,0,0,0,0|E,19.9,1.37,0.41,255,255,255|T,143.3,2.92,0.97,255,255,255|I,131.1,2.76,0.92,255,255,255|C,134.1,2.80,0.93,255,255,255|K,133.0,2.79,0.92,255,255,255|I,133.0,2.79,0.92,255,255,255|N,132.0,2.78,0.92,255,255,255|E,130.9,2.76,0.91,255,255,255|T,130.7,2.76,0.91,255,255,255|I,131.6,2.77,0.92,255,255,255|C,132.1,2.78,0.92,255,255,255|K,133.2,2.79,0.92,255,255,255|I,130.6,2.76,0.91,255,255,255|N,138.5,2.86,0.95,255,255,255|E,92.9,2.29,0.74,255,255,255|T,-11.0,0.99,0.28,255,255,255|I,0,1,0,0,0,0|C,0,1,0,0,0,0|K,0,1,0,0,0,0|I,0,1,0,0,0,0|N,0,1,0,0,0,0|E,0,1,0,0,0,0|T,0,1,0,0,0,0|I,0,1,0,0,0,0|C,0,1,0,0,0,0|K,0,1,0,0,0,0|I,0,1,0,0,0,0|N,0,1,0,0,0,0|E,0,1,0,0,0,0|T,0,1,0,0,0,0|I,0,1,0,0,0,0|C,0,1,0,0,0,0|K,0,1,0,0,0,0|I,0,1,0,0,0,0|N,0,1,0,0,0,0|E,0,1,0,0,0,0|T,0,1,0,0,0,0|I,0,1,0,0,0,0|C,0,1,0,0,0,0|K,0,1,0,0,0,0|I,0,1,0,0,0,0|N,0,1,0,0,0,0|E,0,1,0,0,0,0|T,0,1,0,0,0,0|I,0,1,0,0,0,0|C,0,1,0,0,0,0|K,0,1,0,0,0,0|
